"Family","Species_number","Species_name","English_name","Clutch_size","Egg_mass","Mating_System","mass","wing","tarsus","bill","tail","Gender"
1,1,"Struthio camelus","Ostrich",NA,1500,4,115000,NA,NA,NA,NA,"Male"
3,7,"Dromaius novaehollandiae","Emu",8.98,581.2,1,32700,200,426,59.1,NA,"Male"
4,8,"Apteryx australis","Brown Kiwi",2,443,2,2208,NA,69.9,98.2,NA,"Male"
4,9,"Apteryx owenii","Little Spotted Kiwi",1,285,2,1135,NA,74.1,72,NA,"Male"
4,10,"Apteryx haastii","Great Spotted Kiwi",1,425,2,2610,NA,84.9,96,NA,"Male"
5,14,"Tinamus major","Great Tinamou",NA,61,1,1059,NA,NA,NA,NA,"Male"
5,45,"Nothoprocta cinerascens","Brushland Tinamou",NA,34,1,475,NA,NA,NA,NA,"Male"
6,58,"Ortalis vetula","Plain Chachalaca",2.88,55,2,584,210,59.3,23.3,233.8,"Male"
6,68,"Ortalis motmot","Little Chachalaca",NA,63,2,423,NA,NA,NA,NA,"Male"
6,101,"Crax rubra","Great Curassow",NA,218,2,4200,NA,NA,NA,NA,"Male"
7,108,"Alectura lathami","Australian Brush-turkey",14.78,190,4,2450,320.7,123.3,39.3,270.2,"Male"
7,118,"Megapodius reinwardt","Orange-footed Scrubfowl",5.5,129,2,1098,269,76.1,NA,108,"Male"
7,126,"Leipoa ocellata","Malleefowl",18.6,175,2,2040,337.88,74.8,27.6,NA,"Male"
8,131,"Tetraogallus caspius","Caspian Snowcock",7.5,75,NA,2684.5,303,67,NA,188,"Male"
8,138,"Alectoris chukar","Chukar",11.5,22.5,NA,536,168,46.8,15.2,82.3,"Male"
8,144,"Francolinus francolinus","Black Francolin",10,23.5,NA,487.5,177,57,28.6,92.3,"Male"
8,163,"Francolinus bicalcaratus","Double-spurred Francolin",6,26.5,NA,NA,177.5,56.5,28,70,"Male"
8,164,"Francolinus clappertoni","Clapperton's Francolin",NA,23,NA,604,180,63.6,NA,87.7,"Male"
8,167,"Francolinus adspersus","Red-billed Francolin",6.7,26.8,NA,461,177,54.2,NA,103,"Male"
8,168,"Francolinus capensis","Cape Francolin",7.4,33,NA,757.5,212,67.8,NA,119,"Male"
8,169,"Francolinus hildebrandti","Hildebrandt's Francolin",6,26.3,NA,622.5,174,50.3,NA,105,"Male"
8,174,"Francolinus leucoscepus","Yellow-necked Spurfowl",5,30.8,NA,753,200,64.4,NA,102,"Male"
8,175,"Francolinus rufopictus","Grey-breasted Spurfowl",4.5,28.4,NA,848,213,68,NA,95,"Male"
8,176,"Francolinus afer","Red-necked Spurfowl",6,33,NA,532.5,192,60,NA,102,"Male"
8,177,"Francolinus swainsonii","Swainson's Spurfowl",5.5,29.1,NA,732,191,60.5,NA,90.1,"Male"
8,178,"Francolinus erckelii","Erckel's Francolin",7,33,NA,1263.3,216,66.2,NA,130,"Male"
8,269,"Phasianus colchicus","Common Pheasant",11.5,31.5,4,1186,245,NA,NA,466,"Male"
8,270,"Chrysolophus pictus","Golden Pheasant",8.5,26.7,NA,875,195,70.6,29.8,678,"Male"
8,281,"Afropavo congensis","Congo Peafowl",3,70,NA,NA,318,99,NA,221,"Male"
8,286,"Dendragapus obscurus","Blue Grouse",7.1,32.5,5,1273,229,96,20,169,"Male"
8,290,"Tetrao tetrix","Black Grouse",8.5,35.5,NA,1290,257,49.7,14.6,193,"Male"
8,291,"Tetrao mlokosiewiczi","Caucasian Grouse",6,32.5,NA,865,206,50,13.6,210,"Male"
8,292,"Tetrao urogallus","Western Capercaillie",8,53,5,4240,390,70.6,31.4,312,"Male"
8,297,"Centrocercus urophasianus","Sage Grouse",7.35,43,NA,3200,340,74,41,NA,"Male"
8,298,"Tympanuchus phasianellus","Sharp-tailed Grouse",11.78,24,5,953,NA,NA,NA,NA,"Male"
8,299,"Tympanuchus cupido","Greater Prairie-chicken",10.55,24.5,5,933,229,48,NA,104.7,"Male"
8,301,"Meleagris gallopavo","Wild Turkey",10.52,78.8,5,7400,511,136.8,34.8,372.5,"Male"
9,303,"Agelastes meleagrides","White-breasted Guineafowl",NA,29.2,NA,NA,209,84,NA,152.5,"Male"
9,304,"Agelastes niger","Black Guineafowl",NA,29.5,NA,NA,209,82,NA,156,"Male"
9,305,"Numida meleagris","Helmeted Guineafowl",8,39.4,2,1597,269,84,NA,172,"Male"
9,306,"Guttera plumifera","Plumed Guineafowl",9.5,38.5,NA,NA,228,83,NA,131,"Male"
9,307,"Guttera pucherani","Crested Guineafowl",4.5,48.6,NA,1149,268,93,NA,151,"Male"
9,308,"Acryllium vulturinum","Vulturine Guineafowl",NA,49,NA,1335.5,298,109,NA,272,"Male"
12,343,"Anseranas semipalmata","Magpie Goose",9.05,128,2,2766,419,106,80,NA,"Male"
13,344,"Dendrocygna guttata","Spotted Whistling-Duck",NA,50,NA,NA,NA,NA,NA,NA,"Male"
13,345,"Dendrocygna eytoni","Plumed Whistling-Duck",11,40,2,788,232,59.5,40,69.2,"Male"
13,346,"Dendrocygna bicolor","Fulvous Whistling-Duck",13.34,51,2,675,216,54.2,46.2,51.5,"Male"
13,347,"Dendrocygna arcuata","Wandering Whistling-Duck",10.5,40,2,866,214,52,48,54.5,"Male"
13,349,"Dendrocygna viduata","White-faced Whistling-Duck",7.25,36,NA,686,219,52.6,47.7,55.4,"Male"
13,350,"Dendrocygna arborea","West Indian Whistling-Duck",NA,54,NA,NA,NA,NA,NA,NA,"Male"
13,351,"Dendrocygna autumnalis","Black-bellied Whistling-Duck",13.4,44,NA,813,NA,NA,NA,NA,"Male"
13,352,"Thalassornis leuconotus","White-backed Duck",6.75,84,NA,720,NA,NA,NA,NA,"Male"
14,353,"Oxyura dominica","Masked Duck",NA,70,NA,406,NA,NA,NA,NA,"Male"
14,354,"Oxyura jamaicensis","Ruddy Duck",8.1,73,NA,590,NA,NA,NA,68.8,"Male"
14,356,"Oxyura leucocephala","White-headed Duck",7.5,96,NA,737,162,35.9,45.5,92.4,"Male"
14,357,"Oxyura maccoa","Maccoa Duck",5.9,96,4,820,169,34,41,72.5,"Male"
14,358,"Oxyura vittata","Lake Duck",NA,86,NA,690,NA,NA,NA,NA,"Male"
14,359,"Oxyura australis","Blue-billed Duck",5.5,90,2,812,160,37.3,40.3,66.5,"Male"
14,360,"Biziura lobata","Musk Duck",2.8,128,5,2398,223,52.6,41,113.5,"Male"
14,362,"Stictonetta naevosa","Freckled Duck",6,66,2,969,234,47.8,56.6,68.8,"Male"
14,363,"Cygnus olor","Mute Swan",5.3,340,2,11800,606,NA,NA,224,"Male"
14,364,"Cygnus atratus","Black Swan",4.55,258,2,6200,511.7,100.3,70.8,105.5,"Male"
14,365,"Cygnus melanocorypha","Black-necked Swan",NA,247,2,5400,NA,NA,NA,NA,"Male"
14,366,"Cygnus cygnus","Whooper Swan",4.4,331,2,14000,NA,NA,NA,169,"Male"
14,367,"Cygnus buccinator","Trumpeter Swan",NA,324,NA,11400,NA,NA,NA,NA,"Male"
14,368,"Cygnus columbianus","Tundra Swan",4,280,2,7258,531,NA,NA,151,"Male"
14,369,"Coscoroba coscoroba","Coscoroba Swan",NA,185,NA,4600,NA,NA,NA,NA,"Male"
14,370,"Anser cygnoides","Swan Goose",NA,145,NA,3500,NA,NA,NA,NA,"Male"
14,371,"Anser brachyrhynchus","Pink-footed Goose",4.4,120,NA,2770,443,NA,NA,135,"Male"
14,372,"Anser fabalis","Bean Goose",5,146,NA,3198,NA,NA,NA,132,"Male"
14,373,"Anser albifrons","Greater White-fronted Goose",5.5,125,2,2853,428,NA,NA,119,"Male"
14,374,"Anser erythropus","Lesser White-fronted Goose",5.83,100,NA,1870,NA,NA,NA,139,"Male"
14,375,"Anser anser","Greylag Goose",NA,160,2,3692,NA,NA,NA,139,"Male"
14,376,"Anser indicus","Bar-headed Goose",NA,141,NA,2505,NA,NA,NA,NA,"Male"
14,377,"Anser caerulescens","Snow Goose",NA,127,2,2744,423.9,NA,NA,NA,"Male"
14,378,"Anser rossii","Ross's Goose",NA,92,NA,1679,NA,NA,NA,NA,"Male"
14,379,"Anser canagica","Emperor Goose",NA,120,NA,2812,NA,NA,NA,NA,"Male"
14,380,"Branta sandvicensis","Nene",3.13,131,2,2010,NA,NA,NA,NA,"Male"
14,381,"Branta canadensis","Canada Goose",5,163,2,3814,506,NA,NA,150,"Male"
14,382,"Branta leucopsis","Barnacle Goose",NA,107,2,1788,410,NA,NA,126,"Male"
14,383,"Branta bernicla","Brent Goose",4,91,2,1370,340,NA,NA,94.6,"Male"
14,384,"Branta ruficollis","Red-breasted Goose",NA,90,NA,1375,NA,NA,NA,109,"Male"
14,385,"Cereopsis novaehollandiae","Cape Barren Goose",4.24,137,2,5290,470,111.2,50.5,169,"Male"
14,387,"Chloephaga melanoptera","Andean Goose",NA,113,NA,2730,NA,NA,NA,NA,"Male"
14,389,"Chloephaga hybrida","Kelp Goose",NA,139,NA,2611,NA,NA,NA,NA,"Male"
14,390,"Chloephaga poliocephala","Ashy-headed Goose",NA,89,NA,2267,NA,NA,NA,NA,"Male"
14,392,"Neochen jubata","Orinoco Goose",NA,63,NA,NA,NA,NA,NA,NA,"Male"
14,393,"Alopochen aegyptiacus","Egyptian Goose",8.5,97,NA,2075,392,85.5,49.6,123,"Male"
14,394,"Tadorna ferruginea","Ruddy Shelduck",8.5,83,NA,1360,NA,NA,NA,125,"Male"
14,395,"Tadorna cana","South African Shelduck",10,83,NA,1758,355.8,58,45.2,125.9,"Male"
14,396,"Tadorna tadornoides","Australian Shelduck",9.33,93,2,1559,358,65.4,46,113,"Male"
14,397,"Tadorna variegata","Paradise Shelduck",9.4,91,2,1712,374.5,67.1,43.7,128.2,"Male"
14,399,"Tadorna tadorna","Common Shelduck",10.58,78,NA,1261,334,NA,NA,108,"Male"
14,400,"Tadorna radjah","Radjah Shelduck",NA,59,2,934,282,54.9,46,106.2,"Male"
14,401,"Tachyeres pteneres","Flightless Steamerduck",NA,166.5,NA,5394,NA,NA,NA,NA,"Male"
14,403,"Tachyeres brachypterus","Falkland Steamerduck",NA,147,NA,4200,NA,NA,NA,NA,"Male"
14,404,"Tachyeres patachonicus","Flying Steamerduck",NA,115,NA,2958,NA,NA,NA,NA,"Male"
14,405,"Plectropterus gambensis","Spur-winged Goose",6.5,140,4,6100,NA,NA,NA,NA,"Male"
14,406,"Cairina moschata","Muscovy Duck",NA,74,4,3000,NA,NA,NA,NA,"Male"
14,407,"Cairina scutulata","White-winged Duck",NA,72.3,NA,3400,NA,NA,NA,NA,"Male"
14,409,"Sarkidiornis melanotos","Comb Duck",8.5,66,NA,1455,359,59.8,51,137.7,"Male"
14,410,"Nettapus pulchellus","Green Pygmy-goose",NA,30,2,310,173.8,26.9,24.6,66.7,"Male"
14,411,"Nettapus coromandelianus","Cotton Pygmy-goose",NA,27,2,282,186.5,28.4,23,67,"Male"
14,412,"Nettapus auritus","African Pygmy-goose",9,23,NA,285,NA,NA,NA,NA,"Male"
14,414,"Aix sponsa","Wood Duck",10.95,44,2,680,NA,NA,NA,NA,"Male"
14,415,"Aix galericulata","Mandarin Duck",11.5,41,NA,628,NA,NA,NA,101,"Male"
14,416,"Chenonetta jubata","Maned Duck",NA,54,2,815,277,51.2,27.9,95.7,"Male"
14,422,"Anas specularis","Spectacled Duck",NA,53,NA,1460,NA,NA,NA,NA,"Male"
14,423,"Anas capensis","Cape Teal",8.09,50,NA,419,NA,NA,NA,NA,"Male"
14,424,"Anas strepera","Gadwall",9.96,44,NA,990,269,NA,NA,86,"Male"
14,425,"Anas falcata","Falcated Duck",NA,49,NA,713,NA,NA,NA,NA,"Male"
14,426,"Anas penelope","Eurasian Wigeon",9,44,NA,819,NA,NA,NA,106,"Male"
14,427,"Anas americana","American Wigeon",8.48,43,2,821,263,NA,NA,116,"Male"
14,428,"Anas sibilatrix","Chiloe Wigeon",NA,53,NA,939,NA,NA,NA,NA,"Male"
14,429,"Anas sparsa","African Black Duck",NA,71.7,NA,1086,NA,43,47,110,"Male"
14,430,"Anas rubripes","American Black Duck",9.33,63,2,1252,285,NA,NA,NA,"Male"
14,431,"Anas fulvigula","Mottled Duck",9.4,55.5,NA,1030,259,NA,NA,NA,"Male"
14,432,"Anas platyrhynchos","Mallard",10.53,54,2,1210,279,NA,NA,85.8,"Male"
14,435,"Anas poecilorhyncha","Spot-billed Duck",NA,57,NA,1365,NA,NA,NA,NA,"Male"
14,437,"Anas superciliosa","Pacific Black Duck",11,63,2,1059,261,46,52,88,"Male"
14,438,"Anas undulata","Yellow-billed Duck",7.8,55,NA,954,583,45,52,100,"Male"
14,439,"Anas melleri","Meller's Duck",NA,45,NA,1010,NA,NA,NA,NA,"Male"
14,440,"Anas discors","Blue-winged Teal",10.1,29,2,478,182.9,NA,NA,65,"Male"
14,441,"Anas cyanoptera","Cinnamon Teal",9.13,32,NA,408,NA,NA,NA,71,"Male"
14,443,"Anas platalea","Red Shoveler",NA,46,NA,608,NA,NA,NA,NA,"Male"
14,444,"Anas rhynchotis","Australian Shoveler",10,43.2,2,667,248,37.6,61.9,78.6,"Male"
14,445,"Anas clypeata","Northern Shoveler",9.2,40,2,636,NA,NA,NA,81.7,"Male"
14,446,"Anas bernieri","Bernier's Teal",NA,36,NA,380,NA,NA,NA,NA,"Male"
14,447,"Anas gibberifrons","Sunda Teal",NA,35,NA,508,NA,NA,NA,NA,"Male"
14,449,"Anas castanea","Chestnut Teal",9.5,40,2,683,217.6,38.1,40.8,91.3,"Male"
14,451,"Anas bahamensis","White-cheeked Pintail",NA,34,NA,503,NA,NA,NA,NA,"Male"
14,452,"Anas erythrorhyncha","Red-billed Duck",10,39,NA,617,223.8,36,44.3,81.3,"Male"
14,453,"Anas flavirostris","Speckled Teal",NA,39,NA,429,NA,NA,NA,NA,"Male"
14,454,"Anas acuta","Northern Pintail",8.3,45,2,1025,275,NA,NA,179,"Male"
14,455,"Anas eatoni","Eaton's Pintail",4.11,37,2,497,229.4,33.5,36.6,103.1,"Male"
14,456,"Anas georgica","Yellow-billed Pintail",NA,37,2,632,217,37,34,100,"Male"
14,457,"Anas querquedula","Garganey",8.5,27,NA,342,NA,NA,NA,66.1,"Male"
14,458,"Anas formosa","Baikal Teal",NA,31,NA,437,NA,NA,NA,NA,"Male"
14,459,"Anas crecca","Common Teal",9.5,26.5,2,322,187,NA,NA,66.9,"Male"
14,461,"Anas versicolor","Silver Teal",NA,34,NA,442,NA,NA,NA,NA,"Male"
14,466,"Netta rufina","Red-crested Pochard",9,56,NA,1130,NA,NA,NA,70.6,"Male"
14,468,"Netta erythrophthalma","Southern Pochard",6.7,59,NA,788,217.5,39.6,44,59,"Male"
14,469,"Aythya ferina","Common Pochard",8.54,66,NA,849,NA,NA,NA,54.2,"Male"
14,470,"Aythya valisineria","Canvasback",8.1,68,2,1252,NA,NA,NA,57.1,"Male"
14,471,"Aythya americana","Redhead",NA,65,NA,1100,NA,NA,NA,NA,"Male"
14,472,"Aythya collaris","Ring-necked Duck",8.84,51,2,744,206,NA,NA,NA,"Male"
14,473,"Aythya nyroca","Ferruginous Pochard",9,43,NA,583,NA,NA,NA,54,"Male"
14,475,"Aythya baeri","Baer's Pochard",NA,43,NA,880,NA,NA,NA,NA,"Male"
14,476,"Aythya australis","Hardhead",11,60,NA,902,218.9,39.9,44.8,NA,"Male"
14,477,"Aythya fuligula","Tufted Duck",9.5,56,NA,723,NA,NA,NA,53.7,"Male"
14,478,"Aythya novaeseelandiae","New Zealand Scaup",7.39,63,2,677,187.7,35.4,38.7,56.2,"Male"
14,479,"Aythya marila","Greater Scaup",9.5,67,2,1052,227,NA,NA,56.3,"Male"
14,480,"Aythya affinis","Lesser Scaup",9.91,51,2,825,NA,NA,NA,52.3,"Male"
14,481,"Somateria mollissima","Common Eider",3.06,110,2,2218,NA,NA,NA,96,"Male"
14,482,"Somateria spectabilis","King Eider",4.5,73,NA,1668,NA,NA,NA,82.8,"Male"
14,483,"Somateria fischeri","Spectacled Eider",NA,73,NA,1432,NA,NA,NA,NA,"Male"
14,484,"Polysticta stelleri","Steller's Eider",7,58,NA,773,NA,NA,NA,NA,"Male"
14,486,"Histrionicus histrionicus","Harlequin Duck",5.7,53,2,653,205,NA,NA,93,"Male"
14,487,"Clangula hyemalis","Long-tailed Duck",7.5,43,2,661,NA,NA,NA,215,"Male"
14,488,"Melanitta nigra","Black Scoter",6.8,72,2,1100,NA,NA,NA,92.3,"Male"
14,489,"Melanitta perspicillata","Surf Scoter",NA,62,NA,1000,NA,NA,NA,NA,"Male"
14,490,"Melanitta fusca","White-winged Scoter",8.43,92,2,1794,NA,NA,NA,81.2,"Male"
14,491,"Bucephala clangula","Common Goldeneye",9.3,57,NA,1000,NA,NA,NA,84.6,"Male"
14,492,"Bucephala islandica","Barrow's Goldeneye",9.5,70,NA,1090,NA,NA,NA,88.9,"Male"
14,493,"Bucephala albeola","Bufflehead",NA,37,2,481,NA,NA,NA,67.5,"Male"
14,494,"Mergellus albellus","Smew",8,42,NA,652,NA,NA,NA,74.8,"Male"
14,495,"Lophodytes cucullatus","Hooded Merganser",NA,60,NA,680,NA,NA,NA,NA,"Male"
14,497,"Mergus serrator","Red-breasted Merganser",9.2,72,2,1135,NA,NA,NA,81.2,"Male"
14,499,"Mergus merganser","Common Merganser",9.4,82,2,1709,NA,NA,NA,105,"Male"
23,971,"Ceratogymna bucinator","Trumpeter Hornbill",3,30.9,NA,739,288,44,136,216,"Male"
23,972,"Ceratogymna fistulator","Piping Hornbill",1.5,33,NA,463,267,NA,NA,185,"Male"
23,973,"Ceratogymna brevis","Silvery-cheeked Hornbill",1.5,27.6,NA,1308,369,55,171,276,"Male"
23,977,"Ceratogymna atrata","Black-casqued Hornbill",1.5,44.7,NA,1264,395,53,186,306,"Male"
24,979,"Bucorvus abyssinicus","Abyssinian Ground-Hornbill",1.5,95.3,NA,4000,560,151,264,348,"Male"
24,980,"Bucorvus leadbeateri","Southern Ground-Hornbill",NA,100.5,NA,4358,560,143,207,NA,"Male"
35,1088,"Dacelo novaeguineae","Laughing Kookaburra",2.92,30.4,2,307.2,212.7,26.8,68.5,158,"Male"
35,1089,"Dacelo leachii","Blue-winged Kookaburra",2.58,33,2,283.9,194.1,26.9,77.4,124,"Male"
36,1148,"Megaceryle maxima","Giant Kingfisher",3.5,30.6,NA,350,205,NA,90,115,"Male"
45,1387,"Calyptorhynchus baudinii","White-tailed Black-Cockatoo",1.5,29,NA,630.7,386.3,30.2,54.2,269,"Male"
45,1388,"Calyptorhynchus latirostris","Slender-billed Black-Cockatoo",1.5,32.8,2,649.7,371.8,31,44.9,263.1,"Male"
45,1389,"Calyptorhynchus funereus","Yellow-tailed Black-Cockatoo",2,33.8,2,731,417.3,30.4,49.5,333.5,"Male"
45,1390,"Calyptorhynchus banksii","Red-tailed Black-Cockatoo",1,33.5,2,740.9,424.4,30.4,52.3,289.2,"Male"
45,1391,"Calyptorhynchus lathami","Glossy Black-Cockatoo",1,25.5,2,462.5,353.1,21.1,46.1,222.2,"Male"
45,1396,"Cacatua galerita","Sulphur-crested Cockatoo",2.5,28,2,815,344,30.5,42.8,179,"Male"
45,1407,"Nestor notabilis","Kea",2.5,26,2,956,322.5,47.5,49.1,157.2,"Male"
45,1490,"Strigops habroptilus","Kakapo",2.2,36,5,2060,276,52.8,38.7,224.5,"Male"
49,2117,"Tauraco persa","Guinea Turaco",2,25,NA,NA,NA,NA,NA,214,"Male"
49,2134,"Corythaixoides concolor","Grey Go-away-bird",2.6,24,NA,268,219,NA,NA,NA,"Male"
49,2135,"Corythaixoides personatus","Bare-faced Go-away-bird",2.5,24,NA,NA,213,NA,NA,258,"Male"
49,2139,"Corythaeola cristata","Great Blue Turaco",2,54,NA,903,335,53.5,40,350,"Male"
50,2140,"Tyto tenebricosa","Greater Sooty-Owl",1.6,42.5,2,492,284.7,63.6,39.7,138.4,"Male"
50,2147,"Tyto novaehollandiae","Australian Masked-Owl",2.6,23.5,2,475.8,308.1,64.1,38.2,NA,"Male"
50,2153,"Tyto capensis","African Grass-Owl",3,24.2,NA,NA,333.5,80,NA,120,"Male"
51,2204,"Bubo virginianus","Great Horned Owl",2.55,69,NA,1304,357,113,25.5,210,"Male"
51,2205,"Bubo bubo","Eurasian Eagle-Owl",2,80,2,2380,444,79.3,51.1,196,"Male"
51,2208,"Bubo capensis","Cape Eagle-Owl",2.1,57,NA,929,357,71,44,204,"Male"
51,2209,"Bubo africanus","Spotted Eagle-Owl",2.5,47.4,NA,NA,333,74,39,196,"Male"
51,2210,"Bubo poensis","Fraser's Eagle-Owl",NA,58.3,NA,575,301,55,42,163,"Male"
51,2215,"Bubo lacteus","Verreaux's Eagle-Owl",2,80.3,NA,1704,448,78,55,244,"Male"
51,2223,"Scotopelia peli","Pel's Fishing-Owl",2,61.5,NA,NA,431,74,55,235,"Male"
51,2226,"Nyctea scandiaca","Snowy Owl",6.67,63.5,NA,1491,409,52.3,42.5,212,"Male"
51,2230,"Strix aluco","Tawny Owl",2.5,39,2,397,267,46.5,30.5,155,"Male"
51,2232,"Strix occidentalis","Spotted Owl",2.13,46,NA,579,320,60.2,36.8,203,"Male"
51,2233,"Strix varia","Barred Owl",2.41,47.2,NA,621.9,318,NA,23.5,225.4,"Male"
51,2237,"Strix uralensis","Ural Owl",2.89,48,2,590,358,51.4,39.6,272,"Male"
51,2239,"Strix nebulosa","Great Grey Owl",4,52,2,884,446,53.9,41.1,298,"Male"
51,2244,"Strix woodfordii","African Wood-Owl",2,38.6,NA,248,249,46,30,153,"Male"
51,2250,"Surnia ulula","Northern Hawk Owl",6.21,21.8,2,270,234,25.8,24.1,171.3,"Male"
51,2285,"Ninox strenua","Powerful Owl",1.85,56.5,2,1447.2,403.7,56.8,46.3,250.9,"Male"
51,2286,"Ninox connivens","Barking Owl",2.3,39.3,2,694.5,310.6,44.5,31.4,171.1,"Male"
51,2289,"Ninox novaeseelandiae","Morepork",2.5,22.2,2,189.8,206.1,36.8,23.2,115.7,"Male"
51,2306,"Asio otus","Long-eared Owl",3,23,2,233,294,38.2,27.4,137,"Male"
51,2311,"Asio capensis","Marsh Owl",2.5,26.2,NA,340,292,58,30.7,152,"Male"
53,2321,"Podargus strigoides","Tawny Frogmouth",2.08,25,2,308,276.6,29.2,41.5,198,"Male"
53,2322,"Podargus papuensis","Papuan Frogmouth",1,26,2,383,296.6,30.4,51.3,271.5,"Male"
60,2441,"Columba trocaz","Trocaz Pigeon",1,26.2,NA,NA,252,36.3,21,178,"Male"
60,2732,"Ducula spilorrhoa","Torresian Imperial-Pigeon",NA,22.6,2,468.1,NA,NA,NA,NA,"Male"
60,2736,"Hemiphaga novaeseelandiae","New Zealand Pigeon",1,26.1,2,624,262.8,NA,17,193.6,"Male"
62,2746,"Tetrax tetrax","Little Bustard",3.5,41,NA,NA,252,67.3,23.17,101,"Male"
62,2747,"Otis tarda","Great Bustard",2.5,143,NA,11975,617,158,36.8,243,"Male"
62,2748,"Neotis denhami","Stanley Bustard",1.5,126,NA,NA,604,171.14,84.44,315,"Male"
62,2752,"Ardeotis arabs","Arabian Bustard",2,115,NA,NA,604,176.71,80.64,315,"Male"
62,2753,"Ardeotis kori","Kori Bustard",1.5,158,NA,10870,761,241,106.5,378,"Male"
62,2754,"Ardeotis nigriceps","Indian Bustard",NA,145,NA,NA,661.17,193.17,73.73,NA,"Male"
62,2755,"Ardeotis australis","Australian Bustard",1.71,136,NA,NA,582.25,169.67,64,243,"Male"
62,2756,"Chlamydotis undulata","Houbara Bustard",2.5,68,NA,NA,399.16,96.08,37.21,215,"Male"
62,2758,"Eupodotis gindiana","Buff-crested Bustard",NA,46,NA,688.3,262.83,85.22,30.69,NA,"Male"
62,2759,"Eupodotis ruficrista","Red-crested Bustard",1.5,49,NA,NA,263.92,81.33,33.83,136,"Male"
62,2762,"Eupodotis rueppellii","Rueppell's Bustard",NA,53,NA,NA,329,85.3,NA,NA,"Male"
62,2763,"Eupodotis vigorsii","Karoo Bustard",1.5,64,NA,1613.9,337.4,84.6,35.7,164,"Male"
62,2764,"Eupodotis humilis","Little Brown Bustard",2,33,NA,NA,252.6,65.25,29.67,115,"Male"
62,2766,"Eupodotis caerulescens","Blue Bustard",2,60,NA,NA,333.5,98.38,27.25,158,"Male"
62,2767,"Eupodotis melanogaster","Black-bellied Bustard",1.5,73,NA,1010,345.46,129.27,40.48,178,"Male"
62,2769,"Eupodotis bengalensis","Bengal Florican",NA,72,NA,NA,333,133.93,33.2,NA,"Male"
62,2770,"Eupodotis indica","Lesser Florican",NA,46,NA,NA,187.83,91.75,32.83,NA,"Male"
63,2771,"Balearica pavonina","Black Crowned-Crane",2.5,137,NA,NA,NA,NA,NA,NA,"Male"
63,2772,"Balearica regulorum","Grey Crowned-Crane",2.52,152,NA,NA,NA,NA,NA,NA,"Male"
63,2773,"Grus leucogeranus","Siberian Crane",NA,197,NA,6166.2,626,284,192,217,"Male"
63,2774,"Grus antigone","Sarus Crane",1.83,225,2,6666.7,628,297.67,157.67,231.7,"Male"
63,2775,"Grus rubicunda","Brolga",1.84,181,2,6838,587,291.4,162,235.8,"Male"
63,2777,"Grus canadensis","Sandhill Crane",1.94,152,2,4800,NA,230.6,119.7,167,"Male"
63,2778,"Grus virgo","Demoiselle Crane",NA,128,NA,2416,495,188,66.3,NA,"Male"
63,2779,"Grus paradisea","Blue Crane",NA,185,NA,NA,NA,NA,NA,NA,"Male"
63,2780,"Grus carunculatus","Wattled Crane",NA,240,NA,NA,669.7,321.6,NA,NA,"Male"
63,2781,"Grus grus","Common Crane",2,195,2,5095,593,258,109,210,"Male"
63,2783,"Grus americana","Whooping Crane",1.94,209,NA,NA,601.7,276.5,138.5,NA,"Male"
69,2805,"Himantornis haematopus","Nkulengu Rail",3,38.5,NA,NA,220,81,NA,85,"Male"
69,2806,"Canirallus oculeus","Grey-throated Rail",NA,24.5,NA,NA,173,52,39,64,"Male"
69,2836,"Gallirallus sylvestris","Lord Howe Rail",2.5,29,2,536,143.7,50.7,53.4,60.7,"Male"
69,2909,"Eulabeornis castaneoventris","Chestnut Rail",4.5,40.7,NA,NA,223.3,71.7,58.2,123.3,"Male"
69,2913,"Porphyrio porphyrio","Purple Swamphen",4,41.5,2,869,265,102,44.6,100,"Male"
69,2915,"Porphyrio mantelli","Takahe",1.7,93,2,2673,249.7,97.4,86.7,119.3,"Male"
69,2922,"Gallinula chloropus","Common Moorhen",7,22.3,2,359,185,51.3,26.3,74.7,"Male"
69,2923,"Gallinula tenebrosa","Dusky Moorhen",8.01,34,2,570,208.5,63.3,46.2,NA,"Male"
69,2926,"Gallinula ventralis","Black-tailed Native-hen",5.9,24,NA,410,218.3,61.7,33,82.7,"Male"
69,2927,"Gallinula mortierii","Tasmanian Native-hen",6.36,45,2,1334,202.4,83.9,41.5,95.9,"Male"
69,2928,"Fulica cristata","Red-knobbed Coot",6,41,NA,985,227,71.8,32.9,59.4,"Male"
69,2929,"Fulica atra","Common Coot",8,36.5,NA,835,219,61.7,29,55.4,"Male"
69,2930,"Fulica alai","Hawaiian Coot",5,28,NA,NA,181.7,57.4,54,NA,"Male"
69,2931,"Fulica americana","American Coot",7.5,28.9,NA,629,NA,63.1,NA,52.4,"Male"
71,2942,"Syrrhaptes tibetanus","Tibetan Sandgrouse",NA,27.5,NA,NA,262,NA,NA,NA,"Male"
71,2944,"Pterocles alchata","Pin-tailed Sandgrouse",2.96,25,NA,250,209,27.9,13.6,157,"Male"
71,2948,"Pterocles gutturalis","Yellow-throated Sandgrouse",3,30,NA,342,217,29.9,14.6,88.1,"Male"
71,2949,"Pterocles orientalis","Black-bellied Sandgrouse",2.76,28,NA,428,237,30.3,13.4,94.4,"Male"
74,2963,"Scolopax rusticola","Eurasian Woodcock",3.84,24.5,NA,306,202,36.2,70.9,84,"Male"
74,2974,"Gallinago media","Great Snipe",4,23.2,NA,155,144,35.7,61.2,54.4,"Male"
74,2987,"Coenocorypha aucklandica","Subantarctic Snipe",2.02,23.7,3,101.2,106.2,25.3,57.5,NA,"Male"
74,2988,"Limosa limosa","Black-tailed Godwit",3.86,39,2,264,207,72.9,92.1,71.3,"Male"
74,2989,"Limosa haemastica","Hudsonian Godwit",3.88,37.5,2,222,209,52.5,74.5,74.6,"Male"
74,2990,"Limosa lapponica","Bar-tailed Godwit",3.72,37,2,313,210,52.3,80.4,75,"Male"
74,2991,"Limosa fedoa","Marbled Godwit",3.95,44.5,2,320,228.9,70.4,96.6,85.1,"Male"
74,2994,"Numenius phaeopus","Whimbrel",3.7,50,2,368,242,58.3,78.6,94,"Male"
74,2995,"Numenius tahitiensis","Bristle-thighed Curlew",3.85,54.8,NA,378,230,58.2,82.8,94,"Male"
74,2997,"Numenius arquata","Eurasian Curlew",3.83,76,NA,662,292,78.5,118,109,"Male"
74,2998,"Numenius americanus","Long-billed Curlew",3.91,73,NA,640.1,279.3,83.2,145.3,117.1,"Male"
74,3000,"Bartramia longicauda","Upland Sandpiper",3.99,23.5,NA,144,166,48.5,28.9,79.8,"Male"
74,3001,"Tringa erythropus","Spotted Redshank",4,24.5,NA,142,167,55.9,57.4,62.7,"Male"
74,3002,"Tringa totanus","Common Redshank",3.92,22.3,NA,123,159,49.4,41.7,62.7,"Male"
74,3004,"Tringa nebularia","Common Greenshank",3.91,30.5,NA,172,191,60.2,55.1,71.2,"Male"
74,3006,"Tringa melanoleuca","Greater Yellowlegs",3.7,27.9,2,164,196,62.7,55.8,74.1,"Male"
74,3016,"Catoptrophorus semipalmatus","Willet",3.89,39.5,NA,273,205.2,64.9,59.4,79.4,"Male"
74,3025,"Calidris tenuirostris","Great Knot",NA,22,NA,156,185,35,42.1,64.3,"Male"
77,3061,"Chionis alba","Snowy Sheathbill",2.38,45.5,2,735,253,44,34.4,126,"Male"
77,3062,"Chionis minor","Black-faced Sheathbill",2.09,43.1,2,625,240,48.4,NA,112,"Male"
79,3064,"Burhinus oedicnemus","Eurasian Thick-knee",1.9,42,NA,475,241,NA,40.1,121,"Male"
79,3065,"Burhinus senegalensis","Senegal Thick-knee",2,32,NA,NA,221,71.4,47.2,114,"Male"
79,3070,"Burhinus grallarius","Bush Thick-knee",1.86,41.8,2,671.5,278.8,137,49.2,NA,"Male"
80,3073,"Haematopus ostralegus","Eurasian Oystercatcher",2.77,46.7,2,500,254,50.1,69.6,104,"Male"
80,3075,"Haematopus moquini","African Oystercatcher",3.88,55.8,NA,668,275,56.1,63.2,81.4,"Male"
80,3076,"Haematopus finschi","South Island Oystercatcher",2.33,44.2,2,517,253,47.2,80.3,98,"Male"
80,3077,"Haematopus bachmani","Black Oystercatcher",2.48,45.2,2,NA,245,51.9,68.3,NA,"Male"
80,3078,"Haematopus palliatus","American Oystercatcher",2.45,44.9,2,NA,254.4,55.7,83,103,"Male"
80,3079,"Haematopus longirostris","Pied Oystercatcher",2.08,49,2,602.3,274.7,56.6,73.8,108.4,"Male"
80,3080,"Haematopus unicolor","Variable Oystercatcher",2.4,48.2,2,717,273,56.5,82.8,106,"Male"
80,3081,"Haematopus fuliginosus","Sooty Oystercatcher",1.8,69.5,2,740.3,290.4,55.7,71.3,117.8,"Male"
80,3084,"Ibidorhyncha struthersii","Ibisbill",NA,37,NA,NA,233.5,NA,67.5,NA,"Male"
80,3085,"Himantopus himantopus","Black-winged Stilt",3.91,21.8,NA,164,247,127,63.7,71.8,"Male"
80,3091,"Recurvirostra avosetta","Pied Avocet",3.89,31.7,NA,NA,226,88.9,86.1,84.5,"Male"
80,3092,"Recurvirostra americana","American Avocet",3.78,28.7,NA,323.4,222.4,91.3,89.6,NA,"Male"
80,3095,"Pluvialis apricaria","Eurasian Golden-Plover",3.85,32.8,2,175,190,40.9,21.8,71.8,"Male"
80,3097,"Pluvialis dominica","American Golden-Plover",3.93,26,2,145,182,43.3,23.2,65.5,"Male"
80,3098,"Pluvialis squatarola","Grey Plover",3.96,34.2,2,240.4,197,46.8,28.9,73.3,"Male"
80,3137,"Vanellus vanellus","Northern Lapwing",3.85,25.5,NA,211,229,47.4,24.1,106,"Male"
80,3142,"Vanellus miles","Masked Lapwing",3.62,32,2,264.2,227.2,79.2,36.1,95.4,"Male"
80,3151,"Vanellus senegallus","Wattled Lapwing",2.5,23.3,NA,NA,236,89.5,34,96,"Male"
80,3156,"Vanellus gregarius","Sociable Lapwing",NA,26.5,NA,252,206,59.8,29.4,84.2,"Male"
80,3159,"Vanellus chilensis","Southern Lapwing",NA,27.8,NA,NA,232,74.6,NA,NA,"Male"
81,3161,"Dromas ardeola","Crab Plover",1,45,NA,NA,215,93.6,58.1,67.2,"Male"
82,3179,"Catharacta skua","Great Skua",2,111.7,NA,1735,411.9,74.4,54.7,NA,"Male"
82,3183,"Catharacta maccormicki","South Polar Skua",1.8,89.4,2,1277,410,62.4,49.4,150.3,"Male"
82,3184,"Stercorarius pomarinus","Pomarine Jaeger",1.96,66,2,648,363,53.7,39.8,202,"Male"
82,3186,"Stercorarius longicaudus","Long-tailed Jaeger",1.77,39.2,2,269.9,306,NA,NA,112,"Male"
82,3187,"Rynchops niger","Black Skimmer",3.5,26.9,NA,349,380,34.8,69.5,120,"Male"
82,3191,"Larus pacificus","Pacific Gull",2.2,98.4,2,1550,461.7,73.8,61.6,NA,"Male"
82,3196,"Larus heermanni","Heermann's Gull",1.52,58.6,NA,NA,347.3,NA,NA,142.3,"Male"
82,3199,"Larus canus","Mew Gull",2.8,51,2,413,360,51.1,34.5,139,"Male"
82,3200,"Larus audouinii","Audouin's Gull",2.49,67,NA,NA,408,59.1,49.6,149,"Male"
82,3201,"Larus delawarensis","Ring-billed Gull",2.88,58.6,3,566,382,58.3,41,138.1,"Male"
82,3204,"Larus dominicanus","Kelp Gull",2.35,84.2,2,1080.7,429,68.6,57.4,169.8,"Male"
82,3205,"Larus glaucescens","Glaucous-winged Gull",2.7,95.7,2,1180,405.5,67.3,63.3,180.6,"Male"
82,3207,"Larus livens","Yellow-footed Gull",2.63,99.66,NA,NA,427.6,71.42,21.77,NA,"Male"
82,3208,"Larus hyperboreus","Glaucous Gull",2.57,112.4,NA,1576,473,73.1,62.7,198,"Male"
82,3210,"Larus argentatus","Herring Gull",2.6,87.5,2,977,425,65.2,53.2,179,"Male"
82,3215,"Larus ichthyaetus","Great Black-headed Gull",2.11,112,NA,1245,505,80.3,64.3,195,"Male"
82,3219,"Larus novaehollandiae","Silver Gull",2.05,40.2,2,313,298,48,36.5,NA,"Male"
82,3232,"Larus pipixcan","Franklin's Gull",2.5,35.8,NA,281,288,41,29.6,103,"Male"
82,3239,"Rissa brevirostris","Red-legged Kittiwake",NA,49.4,NA,400,NA,NA,NA,NA,"Male"
82,3241,"Sterna caspia","Caspian Tern",2.35,65,NA,680,421,46.2,72.4,131,"Male"
82,3244,"Sterna elegans","Elegant Tern",1.03,36.48,NA,NA,316.9,29.8,64,155.2,"Male"
82,3248,"Sterna sandvicensis","Sandwich Tern",1.21,35,NA,NA,309,NA,NA,73.9,"Male"
82,3271,"Sterna fuscata","Sooty Tern",1,40.2,2,NA,294,NA,NA,201.9,"Male"
82,3278,"Anous minutus","Black Noddy",1,25.1,2,NA,226.5,21.7,44.1,120.1,"Male"
82,3284,"Alle alle","Dovekie",1,28,2,154,123.3,20.6,16.1,41.5,"Male"
82,3285,"Uria aalge","Common Murre",1,108,2,981,207,38.4,44.6,45,"Male"
82,3286,"Uria lomvia","Thick-billed Murre",1,98.5,2,961,224,37.2,14,46.6,"Male"
82,3289,"Cepphus grylle","Black Guillemot",1.83,50,2,376,164,31.4,33.3,49.2,"Male"
82,3292,"Brachyramphus marmoratus","Marbled Murrelet",1,59.8,NA,217,134.2,16.2,15.5,31.3,"Male"
82,3294,"Synthliboramphus hypoleucus","Xantus's Murrelet",1.8,37.2,NA,166.1,120.3,24.5,17,NA,"Male"
82,3299,"Cyclorrhynchus psittacula","Parakeet Auklet",NA,53.8,NA,292.3,147.4,30.6,15.8,NA,"Male"
82,3300,"Aethia cristatella","Crested Auklet",1,54.2,NA,267.7,143,29,12.6,37.5,"Male"
82,3303,"Cerorhinca monocerata","Rhinoceros Auklet",1,77.7,NA,510,182.9,30,18.3,NA,"Male"
82,3304,"Fratercula arctica","Atlantic Puffin",1,60,2,391,164,26.5,45.7,48,"Male"
82,3305,"Fratercula corniculata","Horned Puffin",1,75.9,2,NA,NA,NA,NA,NA,"Male"
82,3306,"Fratercula cirrhata","Tufted Puffin",1,87.9,NA,805.5,204.2,35.1,59.8,NA,"Male"
83,3307,"Pandion haliaetus","Osprey",2.5,72,2,1428,496,NA,NA,201,"Male"
83,3308,"Aviceda cuculoides","African Baza",2,32.5,NA,NA,288,NA,NA,NA,"Male"
83,3311,"Aviceda subcristata","Pacific Baza",2.5,29,2,307,334,NA,NA,198,"Male"
83,3315,"Chondrohierax uncinatus","Hook-billed Kite",NA,48.8,NA,260.5,286,NA,NA,NA,"Male"
83,3318,"Pernis apivorus","European Honey-buzzard",2,49,NA,734,404,NA,NA,251,"Male"
83,3323,"Elanoides forficatus","Swallow-tailed Kite",2.07,36.5,NA,542,431,NA,NA,334,"Male"
83,3328,"Elanus leucurus","White-tailed Kite",4.1,23.5,NA,294.8,316.4,NA,NA,NA,"Male"
83,3329,"Elanus scriptus","Letter-winged Kite",3.37,26,2,288.6,303,NA,NA,148,"Male"
83,3331,"Rostrhamus sociabilis","Snail Kite",2.8,32,NA,394,356,NA,NA,172,"Male"
83,3335,"Ictinia mississippiensis","Mississippi Kite",2,27,NA,245,295,NA,NA,157.1,"Male"
83,3336,"Ictinia plumbea","Plumbeous Kite",NA,27,NA,239,298,NA,NA,NA,"Male"
83,3337,"Milvus milvus","Red Kite",2,63,NA,1012,490,NA,NA,327,"Male"
83,3338,"Milvus migrans","Black Kite",2.5,56,2,807,447,NA,NA,256,"Male"
83,3340,"Haliastur sphenurus","Whistling Kite",2,56.5,2,710,NA,NA,NA,255,"Male"
83,3342,"Haliaeetus leucogaster","White-bellied Fish-Eagle",2,117,2,2400,552,NA,NA,NA,"Male"
83,3344,"Haliaeetus vocifer","African Fish-Eagle",1.93,120,NA,NA,530,NA,NA,208,"Male"
83,3346,"Haliaeetus leucoryphus","Pallas's Sea-Eagle",NA,117,NA,2527,564,NA,NA,267,"Male"
83,3347,"Haliaeetus albicilla","White-tailed Eagle",2,142,NA,4014,606,NA,NA,280,"Male"
83,3348,"Haliaeetus leucocephalus","Bald Eagle",2,117,NA,4130,585.7,NA,NA,289.8,"Male"
83,3352,"Gypohierax angolensis","Palm-nut Vulture",1,107,NA,1505,NA,NA,NA,NA,"Male"
83,3353,"Gypaetus barbatus","Lammergeier",1.5,224,2,4912.5,766.25,NA,NA,492,"Male"
83,3354,"Neophron percnopterus","Egyptian Vulture",2,94,NA,1928,498.25,NA,NA,244,"Male"
83,3355,"Necrosyrtes monachus","Hooded Vulture",1,120,NA,NA,474,81.2,NA,218,"Male"
83,3356,"Gyps africanus","White-backed Vulture",1,214,NA,NA,NA,NA,NA,NA,"Male"
83,3359,"Gyps rueppellii","Rueppell's Griffon",1,225,NA,NA,NA,NA,NA,274,"Male"
83,3361,"Gyps fulvus","Eurasian Griffon",1,252,NA,8132,725,NA,NA,300,"Male"
83,3362,"Gyps coprotheres","Cape Griffon",1,240,NA,NA,NA,NA,NA,NA,"Male"
83,3363,"Aegypius monachus","Cinereous Vulture",1,243,NA,9250,772,NA,NA,365,"Male"
83,3364,"Torgos tracheliotus","Lappet-faced Vulture",1,238,NA,NA,770,146,NA,352,"Male"
83,3365,"Trigonoceps occipitalis","White-headed Vulture",NA,196,NA,NA,NA,NA,NA,NA,"Male"
83,3367,"Circaetus gallicus","Short-toed Snake-Eagle",1,136,NA,1664,523,NA,NA,268,"Male"
83,3369,"Circaetus cinereus","Brown Snake-Eagle",1,139,NA,NA,NA,NA,NA,NA,"Male"
83,3372,"Terathopius ecaudatus","Bateleur",NA,168,NA,2250,515,73,NA,109,"Male"
83,3381,"Circus aeruginosus","Western Marsh-Harrier",4.5,40,2,500,393,NA,NA,224,"Male"
83,3382,"Circus ranivorus","African Marsh-Harrier",3.63,33,NA,423,353,NA,NA,NA,"Male"
83,3384,"Circus approximans","Swamp Harrier",3.77,40,3,640,408,NA,NA,231,"Male"
83,3387,"Circus assimilis","Spotted Harrier",3.1,42,2,465,395,NA,NA,NA,"Male"
83,3388,"Circus maurus","Black Harrier",3.47,33,NA,NA,339,NA,NA,NA,"Male"
83,3389,"Circus cyaneus","Northern Harrier",4.5,31,NA,346,338,NA,NA,213,"Male"
83,3391,"Circus macrourus","Pallid Harrier",4.5,28,NA,322,340,NA,NA,208,"Male"
83,3393,"Circus pygargus","Montagu's Harrier",4.5,24,NA,265,365,NA,NA,218,"Male"
83,3396,"Kaupifalco monogrammicus","Lizard Buzzard",1.95,32,NA,241,214.5,52,NA,133,"Male"
83,3397,"Melierax metabates","Dark Chanting-Goshawk",1,50,NA,670.5,308,NA,NA,210,"Male"
83,3405,"Accipiter tachiro","African Goshawk",2.4,34,NA,230,212,NA,NA,NA,"Male"
83,3413,"Accipiter novaehollandiae","Grey Goshawk",2.45,40.5,2,356,254,NA,NA,NA,"Male"
83,3414,"Accipiter fasciatus","Brown Goshawk",3.02,32.5,2,330,264,NA,NA,202,"Male"
83,3437,"Accipiter nisus","Eurasian Sparrowhawk",5,22.5,2,150,199.5,NA,NA,149,"Male"
83,3438,"Accipiter rufiventris","Rufous-chested Sparrowhawk",2.93,23,NA,NA,214,NA,NA,158.5,"Male"
83,3443,"Accipiter cooperii","Cooper's Hawk",3.8,40,NA,103,173.5,NA,NA,NA,"Male"
83,3446,"Accipiter melanoleucus","Black Goshawk",2.8,52,NA,550,291,NA,NA,NA,"Male"
83,3448,"Accipiter gentilis","Northern Goshawk",3.5,67,2,712,314,NA,NA,223,"Male"
83,3454,"Butastur rufipennis","Grasshopper Buzzard",2,34,NA,326,286,56.5,NA,167.5,"Male"
83,3469,"Buteogallus aequinoctialis","Rufous Crab-Hawk",NA,60,NA,595,316.2,NA,NA,NA,"Male"
83,3470,"Buteogallus anthracinus","Common Black-Hawk",1.8,65,NA,793,363,NA,NA,206.4,"Male"
83,3473,"Buteogallus meridionalis","Savanna Hawk",NA,74,NA,764,400.8,NA,NA,NA,"Male"
83,3474,"Parabuteo unicinctus","Harris's Hawk",2.84,50,NA,689.7,324,NA,NA,220.3,"Male"
83,3480,"Asturina nitida","Grey-lined Hawk",NA,43.2,2,465,NA,NA,NA,NA,"Male"
83,3481,"Buteo magnirostris","Roadside Hawk",NA,37,2,290,246,NA,NA,NA,"Male"
83,3482,"Buteo lineatus","Red-shouldered Hawk",3.12,57,NA,550,323.6,NA,NA,NA,"Male"
83,3484,"Buteo platypterus","Broad-winged Hawk",2.39,42,2,357,268,NA,NA,159,"Male"
83,3488,"Buteo swainsoni","Swainson's Hawk",2.44,61,NA,808,383.6,NA,NA,204.6,"Male"
83,3495,"Buteo jamaicensis","Red-tailed Hawk",2.24,64,2,1028,369.6,NA,NA,215.4,"Male"
83,3497,"Buteo buteo","Common Buzzard",3,60,2,790,387,NA,NA,208,"Male"
83,3500,"Buteo rufinus","Long-legged Buzzard",3.5,73,NA,1035,437,NA,NA,227,"Male"
83,3502,"Buteo regalis","Ferruginous Hawk",3.75,80,NA,1163,434,NA,NA,NA,"Male"
83,3503,"Buteo lagopus","Rough-legged Hawk",3.5,60,2,824.6,417,NA,NA,211,"Male"
83,3505,"Buteo augur","Augur Buzzard",NA,54,NA,580,341,NA,NA,NA,"Male"
83,3507,"Buteo rufofuscus","Jackal Buzzard",1.99,74,NA,NA,401,NA,NA,NA,"Male"
83,3513,"Aquila pomarina","Lesser Spotted Eagle",2,88,NA,1257.5,468,NA,NA,222,"Male"
83,3514,"Aquila clanga","Greater Spotted Eagle",2,110,NA,1725.6,496,NA,NA,240,"Male"
83,3515,"Aquila rapax","Tawny Eagle",2,118,NA,1837.2,510,NA,NA,250,"Male"
83,3516,"Aquila nipalensis","Steppe Eagle",NA,117,NA,2459,533,NA,NA,NA,"Male"
83,3518,"Aquila heliaca","Imperial Eagle",2.5,132,NA,2623,587,NA,NA,276,"Male"
83,3520,"Aquila chrysaetos","Golden Eagle",2,142,2,3572,630,NA,NA,311,"Male"
83,3521,"Aquila audax","Wedge-tailed Eagle",2,143,2,3130,586.4,NA,NA,NA,"Male"
83,3522,"Aquila verreauxii","Verreaux's Eagle",2,158,NA,3730,599,NA,NA,274.5,"Male"
83,3523,"Aquila wahlbergi","Wahlberg's Eagle",1,73,NA,NA,417.5,NA,NA,222.5,"Male"
83,3524,"Hieraaetus fasciatus","Bonelli's Eagle",2,112,2,1840,443.29,NA,NA,237,"Male"
83,3526,"Hieraaetus pennatus","Booted Eagle",2,62,NA,709,358,NA,NA,195.3,"Male"
83,3527,"Hieraaetus morphnoides","Little Eagle",1.65,62,2,633,352,NA,NA,193,"Male"
83,3530,"Polemaetus bellicosus","Martial Eagle",1,182,NA,5100,585,107.5,NA,276.5,"Male"
83,3532,"Lophaetus occipitalis","Long-crested Eagle",1.56,75,NA,1137.5,363,NA,NA,196,"Male"
83,3543,"Stephanoaetus coronatus","Crowned Hawk-Eagle",1.62,112,NA,3760,467.5,NA,NA,315,"Male"
84,3545,"Sagittarius serpentarius","Secretarybird",1.96,130,NA,3809,650,NA,NA,762,"Male"
85,3553,"Polyborus plancus","Crested Caracara",NA,76,NA,1116,393,NA,NA,NA,"Male"
85,3554,"Milvago chimachima","Yellow-headed Caracara",NA,28,NA,315,285,NA,NA,NA,"Male"
85,3556,"Herpetotheres cachinnans","Laughing Falcon",NA,65,NA,620,267.1,NA,NA,NA,"Male"
85,3571,"Falco berigora","Brown Falcon",2.79,45,2,506,326,NA,NA,NA,"Male"
85,3580,"Falco rupicoloides","Greater Kestrel",3.65,22,NA,260,276,NA,NA,NA,"Male"
85,3581,"Falco alopex","Fox Kestrel",2.5,22,NA,NA,279.5,43.5,NA,196,"Male"
85,3582,"Falco ardosiaceus","Grey Kestrel",4,25,NA,232,218.5,41.5,NA,140,"Male"
85,3583,"Falco dickinsoni","Dickinson's Kestrel",NA,22,NA,288,NA,NA,NA,NA,"Male"
85,3585,"Falco chicquera","Red-necked Falcon",3.6,24,NA,NA,195,36,NA,120.5,"Male"
85,3588,"Falco eleonorae","Eleonora's Falcon",2.5,26,NA,280.5,312,NA,NA,169,"Male"
85,3591,"Falco columbarius","Merlin",4,22,2,162,199,NA,NA,119,"Male"
85,3593,"Falco subbuteo","Eurasian Hobby",3,24,NA,181.5,256,NA,NA,130,"Male"
85,3596,"Falco longipennis","Australian Hobby",2.8,28,NA,210,240.3,NA,NA,123,"Male"
85,3597,"Falco novaeseelandiae","New Zealand Falcon",2.77,36.5,2,330,255,NA,NA,175,"Male"
85,3599,"Falco subniger","Black Falcon",3.3,45,2,643.5,362,NA,NA,NA,"Male"
85,3602,"Falco cherrug","Saker Falcon",4,53,NA,875,362,NA,NA,199,"Male"
85,3603,"Falco rusticolus","Gyrfalcon",3.5,70,NA,1115,369,NA,NA,195,"Male"
85,3604,"Falco mexicanus","Prairie Falcon",4.56,49,2,565,299.4,NA,NA,169.6,"Male"
85,3605,"Falco peregrinus","Peregrine Falcon",3.5,48,2,579.2,285,NA,NA,144,"Male"
86,3621,"Podiceps grisegena","Red-necked Grebe",4.5,30.5,NA,873.5,171.3,54.3,NA,NA,"Male"
86,3622,"Podiceps cristatus","Great Crested Grebe",3.77,39.5,NA,920,195,63.6,51.8,NA,"Male"
86,3623,"Podiceps auritus","Horned Grebe",3.75,22.5,NA,NA,144,45.9,23.3,NA,"Male"
86,3629,"Aechmophorus occidentalis","Western Grebe",2.41,43.5,NA,1429,203.9,78,NA,NA,"Male"
87,3632,"Phaethon rubricauda","Red-tailed Tropicbird",1,87,2,218.7,324.6,28.2,62.4,107.6,"Male"
87,3633,"Phaethon lepturus","White-tailed Tropicbird",1,45,2,NA,287,NA,NA,107.6,"Male"
88,3634,"Papasula abbotti","Abbott's Booby",NA,112.17,2,1472.6,445.5,41.6,106.3,NA,"Male"
88,3635,"Morus bassanus","Northern Gannet",1,106,NA,2932,513,50.2,100.1,NA,"Male"
88,3636,"Morus capensis","Cape Gannet",NA,105,NA,2665,480,NA,92,NA,"Male"
88,3638,"Sula nebouxii","Blue-footed Booby",NA,61,NA,1283,431.8,NA,106,NA,"Male"
88,3640,"Sula dactylatra","Masked Booby",1.6,77,2,2000,462.2,61.3,109,183.5,"Male"
88,3641,"Sula sula","Red-footed Booby",1,53,2,928,376.6,38.5,85.1,201,"Male"
88,3642,"Sula leucogaster","Brown Booby",1.5,53,2,1188.6,389.1,47.4,97.2,196,"Male"
89,3643,"Anhinga anhinga","Anhinga",3.64,35,NA,NA,329.6,40.3,81.2,245.3,"Male"
89,3645,"Anhinga melanogaster","Oriental Darter",4,36,2,1759,NA,NA,NA,238,"Male"
90,3647,"Phalacrocorax africanus","Long-tailed Cormorant",4,23,NA,568.5,215,38.6,30.4,149,"Male"
90,3651,"Phalacrocorax melanoleucos","Little Pied Cormorant",4,26,2,800,235,40,32,151.2,"Male"
90,3653,"Phalacrocorax penicillatus","Brandt's Cormorant",2.88,51,NA,2570,291.2,NA,NA,123.7,"Male"
90,3655,"Phalacrocorax neglectus","Bank Cormorant",1.84,47,NA,2107,292,66.6,60.3,NA,"Male"
90,3657,"Phalacrocorax brasilianus","Neotropic Cormorant",3.15,42,NA,1260,263.4,52.3,48,166.6,"Male"
90,3658,"Phalacrocorax auritus","Double-crested Cormorant",3.11,48,NA,2453,311,64,57.4,144.3,"Male"
90,3660,"Phalacrocorax varius","Pied Cormorant",3.32,45,2,1800,318,68,73,NA,"Male"
90,3661,"Phalacrocorax sulcirostris","Little Black Cormorant",4,36,2,1100,262,50,48,133.4,"Male"
90,3662,"Phalacrocorax carbo","Great Cormorant",3.5,58,NA,2400,347,68,69,154,"Male"
90,3663,"Phalacrocorax capillatus","Japanese Cormorant",NA,54,NA,3171.4,NA,NA,NA,NA,"Male"
90,3665,"Phalacrocorax capensis","Cape Cormorant",2.39,45,2,1171,267,NA,55,NA,"Male"
90,3668,"Phalacrocorax atriceps","Imperial Shag",NA,50,NA,3320,286,62.9,58,NA,"Male"
90,3669,"Phalacrocorax melanogenis","Crozet Shag",2.56,53,2,2450,286,62.9,58,125,"Male"
90,3669,"Phalacrocorax bransfieldensis","Antarctic Shag",2.5,59.1,2,3022,NA,NA,NA,NA,"Male"
90,3670,"Phalacrocorax georgianus","South Georgia Shag",NA,54.6,2,2883.2,304.5,NA,12.5,NA,"Male"
90,3677,"Phalacrocorax magellanicus","Rock Shag",NA,46,NA,1553,252.2,NA,52.7,NA,"Male"
90,3678,"Phalacrocorax urile","Red-faced Cormorant",2.8,48,NA,2428.1,284.4,57.6,55.9,156.9,"Male"
90,3679,"Phalacrocorax pelagicus","Pelagic Cormorant",3.47,44,NA,2034,255.1,49.1,47.9,NA,"Male"
90,3680,"Phalacrocorax aristotelis","European Shag",3.07,51,2,1948,271,NA,NA,129,"Male"
90,3682,"Phalacrocorax punctatus","Spotted Shag",2.7,42,NA,1210,248,60,61,NA,"Male"
91,3685,"Egretta rufescens","Reddish Egret",2.9,38,NA,NA,323,137.3,NA,110,"Male"
91,3687,"Egretta ardesiaca","Black Heron",2.56,28,NA,NA,266,85,65,NA,"Male"
91,3689,"Egretta novaehollandiae","White-faced Heron",NA,32,NA,599.2,326.6,96.7,79.3,NA,"Male"
91,3690,"Egretta caerulea","Little Blue Heron",4.04,25,2,364,261,96.2,75.9,95.7,"Male"
91,3691,"Egretta garzetta","Little Egret",4.8,28,NA,555,280,101,84.4,98,"Male"
91,3694,"Egretta thula","Snowy Egret",3.64,24,2,NA,259.9,97.1,83.3,NA,"Male"
91,3696,"Egretta sacra","Pacific Reef-Egret",NA,28,2,NA,276,81.4,97.9,NA,"Male"
91,3698,"Ardea cinerea","Grey Heron",4.11,61,NA,1505,457,151,120,174,"Male"
91,3699,"Ardea herodias","Great Blue Heron",3.55,74,2,2480,NA,165.9,137,NA,"Male"
91,3701,"Ardea pacifica","Pacific Heron",3.2,42,2,NA,412.6,134.1,84.8,161.9,"Male"
91,3702,"Ardea melanocephala","Black-headed Heron",2.78,60,NA,1058.3,NA,NA,NA,NA,"Male"
91,3704,"Ardea goliath","Goliath Heron",2.5,109,NA,4327.5,591,NA,193,NA,"Male"
91,3706,"Ardea sumatrana","Great-billed Heron",NA,83,2,NA,448,160.4,176.55,173.5,"Male"
91,3707,"Ardea purpurea","Purple Heron",4.7,51,NA,917.5,371,122,126,125,"Male"
91,3709,"Casmerodius albus","Great Egret",NA,61,2,1030,438,190,123,NA,"Male"
91,3710,"Mesophoyx intermedia","Intermediate Egret",NA,31,NA,NA,NA,NA,NA,NA,"Male"
91,3711,"Bubulcus ibis","Cattle Egret",4.5,28,2,311,253,77,NA,87.5,"Male"
91,3722,"Nyctanassa violacea","Yellow-crowned Night-Heron",3.52,38,NA,716,294,99,71,109,"Male"
91,3723,"Nycticorax nycticorax","Black-crowned Night-Heron",4,34,2,682,NA,NA,NA,NA,"Male"
91,3724,"Nycticorax caledonicus","Rufous Night-Heron",3.5,38,2,795,297.3,82.1,73.3,103.9,"Male"
91,3725,"Gorsachius leuconotus","White-backed Night-Heron",2.62,28,NA,NA,NA,NA,NA,NA,"Male"
91,3744,"Dupetor flavicollis","Black Bittern",NA,29,NA,NA,206.5,63.65,75.1,NA,"Male"
91,3745,"Botaurus lentiginosus","American Bittern",3.75,36,NA,372,281.5,NA,76,NA,"Male"
91,3747,"Botaurus stellaris","Great Bittern",5,42,NA,2906,346,102,69.1,117,"Male"
91,3748,"Botaurus poiciloptilus","Australasian Bittern",4.5,39,NA,1353,359,105.9,71.1,123.6,"Male"
92,3749,"Scopus umbretta","Hamerkop",4.4,28.5,NA,NA,NA,NA,NA,NA,"Male"
93,3750,"Phoenicopterus ruber","Greater Flamingo",1,142,NA,3579,428,323,121,156,"Male"
93,3752,"Phoenicopterus minor","Lesser Flamingo",NA,117,NA,1930,334,205,NA,131,"Male"
94,3758,"Plegadis falcinellus","Glossy Ibis",4,38,NA,662.5,297,107,132,106,"Male"
94,3767,"Bostrychia hagedash","Hadada Ibis",2.71,62,NA,NA,NA,NA,NA,NA,"Male"
94,3771,"Geronticus eremita","Waldrapp",3,68,NA,NA,411.5,NA,141,NA,"Male"
94,3772,"Geronticus calvus","Bald Ibis",1.99,68,NA,NA,NA,NA,NA,NA,"Male"
94,3774,"Threskiornis aethiopicus","Sacred Ibis",2.24,62,NA,1530,383,108,170,133.7,"Male"
94,3776,"Threskiornis molucca","Australian Ibis",2.73,69,5,2005.9,389,103,190.5,126.3,"Male"
94,3777,"Threskiornis spinicollis","Straw-necked Ibis",3.5,69,2,1465,387.7,93.1,167.2,141.2,"Male"
94,3782,"Platalea leucorodia","Eurasian Spoonbill",3.5,76,NA,1393,394,149,213,117,"Male"
94,3783,"Platalea regia","Royal Spoonbill",3.14,69,2,1886,371,122.5,212.3,NA,"Male"
94,3786,"Platalea flavipes","Yellow-billed Spoonbill",3.05,81,2,1871,424,134,231,143,"Male"
94,3787,"Ajaia ajaja","Roseate Spoonbill",NA,68,NA,1430,351,114,54,NA,"Male"
95,3789,"Pelecanus onocrotalus","Great White Pelican",2,180,NA,11450,684,145,409,176,"Male"
95,3790,"Pelecanus rufescens","Pink-backed Pelican",NA,116,NA,5970,605,96,357,172,"Male"
95,3794,"Pelecanus erythrorhynchos","American White Pelican",2,150,NA,6920,608.2,122.5,342.3,160,"Male"
95,3795,"Pelecanus occidentalis","Brown Pelican",2.95,91,NA,3290,478,71,288,126,"Male"
96,3797,"Coragyps atratus","Black Vulture",2,103,NA,2159,428,80.06,23.01,182.3,"Male"
96,3798,"Cathartes aura","Turkey Vulture",1.94,80,NA,1426,526,NA,NA,NA,"Male"
96,3801,"Gymnogyps californianus","California Condor",NA,280,NA,8800,NA,NA,NA,NA,"Male"
96,3804,"Mycteria americana","Wood Stork",3.04,80,NA,2640,468,20.35,234,NA,"Male"
96,3815,"Ciconia ciconia","White Stork",4,110,NA,3341,580,NA,NA,NA,"Male"
97,3823,"Fregata magnificens","Magnificent Frigatebird",1,88,2,1281,633,22.4,112,431,"Male"
97,3825,"Fregata minor","Great Frigatebird",1,74,2,1239,581.6,26.7,102,378.5,"Male"
97,3826,"Fregata ariel","Lesser Frigatebird",1,66,2,754,536,22.9,82.8,316.5,"Male"
97,3827,"Fregata andrewsi","Christmas Island Frigatebird",1,80,2,1400,616,25,110.5,388,"Male"
98,3828,"Aptenodytes patagonicus","King Penguin",1,306,2,12800,341,NA,137,76,"Male"
98,3829,"Aptenodytes forsteri","Emperor Penguin",1,425,2,38200,362,NA,81.5,NA,"Male"
98,3830,"Pygoscelis papua","Gentoo Penguin",2,136,2,5860,NA,NA,55.5,NA,"Male"
98,3831,"Pygoscelis adeliae","Adelie Penguin",2,124,2,5350,NA,NA,40,NA,"Male"
98,3832,"Pygoscelis antarctica","Chinstrap Penguin",2,110,2,4435,NA,NA,49,NA,"Male"
98,3833,"Eudyptes chrysocome","Rockhopper Penguin",2,95.8,2,2500,167,NA,46.5,NA,"Male"
98,3834,"Eudyptes pachyrhynchus","Fiordland Penguin",2,108,2,4530,185.7,NA,51.1,81.1,"Male"
98,3837,"Eudyptes chrysolophus","Macaroni Penguin",2,142,2,4760,NA,NA,61.4,NA,"Male"
98,3838,"Eudyptes schlegeli","Royal Penguin",2,150,2,NA,NA,NA,NA,97.9,"Male"
98,3839,"Megadyptes antipodes","Yellow-eyed Penguin",1.5,133.1,2,8500,209,60.1,54.4,64,"Male"
98,3840,"Eudyptula minor","Little Penguin",2,52,2,1243.7,118.1,18.4,35.7,NA,"Male"
98,3841,"Spheniscus demersus","Jackass Penguin",2,103,NA,3600,NA,NA,60.5,NA,"Male"
98,3843,"Spheniscus magellanicus","Magellanic Penguin",NA,107,NA,4470,195,49.4,58.8,30.5,"Male"
99,3845,"Gavia stellata","Red-throated Loon",1.79,83,2,1729,292,75.1,55.1,53.4,"Male"
99,3846,"Gavia arctica","Arctic Loon",2,122,2,3355,324,82.2,60.7,58.7,"Male"
99,3847,"Gavia pacifica","Pacific Loon",1.9,95,NA,2349,297.7,75,52.9,57,"Male"
99,3848,"Gavia immer","Common Loon",2,167,2,5460,370.8,98.7,83.1,66.8,"Male"
99,3849,"Gavia adamsii","Yellow-billed Loon",2,160,2,4900,380.5,93.15,89,NA,"Male"
100,3850,"Macronectes giganteus","Antarctic Giant-Petrel",1,237,2,5140,552,102.7,101.9,182,"Male"
100,3851,"Macronectes halli","Hall's Giant-Petrel",1,256.4,2,4902,538.56,96,103.3,180,"Male"
100,3852,"Fulmarus glacialis","Northern Fulmar",1,98,2,884,339,53.7,37.5,125,"Male"
100,3853,"Fulmarus glacialoides","Southern Fulmar",1,103,2,845,345,54.6,45.9,130,"Male"
100,3854,"Thalassoica antarctica","Antarctic Petrel",1,95,2,663,318,43,39,119,"Male"
100,3855,"Daption capense","Cape Petrel",1,60,2,442,266,44,31,102,"Male"
100,3856,"Pagodroma nivea","Snow Petrel",1,47,2,341,278,38.2,22.3,135.2,"Male"
100,3857,"Pterodroma brevirostris","Kerguelen Petrel",1,57,NA,246,261.2,38.9,27.6,103.2,"Male"
100,3863,"Pterodroma nigripennis","Black-winged Petrel",1,38,NA,169.6,226,31.2,24.5,102.8,"Male"
100,3865,"Pterodroma inexpectata","Mottled Petrel",1,56,2,302,256.5,32.1,26.8,105.8,"Male"
100,3876,"Pterodroma phaeopygia","Galapagos Petrel",1,56,NA,430,NA,NA,NA,NA,"Male"
100,3882,"Pterodroma macroptera","Great-winged Petrel",1,80,2,668,318.3,43.6,36.5,NA,"Male"
100,3894,"Pachyptila desolata","Antarctic Prion",1,30,NA,160,193,32.5,28,102,"Male"
100,3896,"Pachyptila turtur","Fairy Prion",1,25,2,141.4,181,33.3,22.2,89.1,"Male"
100,3900,"Procellaria aequinoctialis","White-chinned Petrel",1,120,NA,1390,396.1,67,53,126.3,"Male"
100,3901,"Procellaria parkinsoni","Black Petrel",1,90,2,723,343.4,52.9,41.7,98,"Male"
100,3902,"Procellaria westlandica","Westland Petrel",1,137.6,2,1232.5,385.6,NA,NA,125.5,"Male"
100,3904,"Calonectris diomedea","Cory's Shearwater",1,74,NA,955.6,371.1,60.3,58.8,141.5,"Male"
100,3906,"Puffinus pacificus","Wedge-tailed Shearwater",1,56,2,457,297.6,31.2,45.7,140.3,"Male"
100,3907,"Puffinus bulleri","Buller's Shearwater",1,61,2,345,293.1,NA,42.5,127.9,"Male"
100,3912,"Puffinus tenuirostris","Short-tailed Shearwater",1,82,2,560,273,52.7,31.8,81,"Male"
100,3914,"Puffinus puffinus","Manx Shearwater",1,57,NA,537,239,45.7,35,74.7,"Male"
100,3921,"Puffinus assimilis","Little Shearwater",1,32,2,NA,NA,NA,NA,NA,"Male"
100,3929,"Diomedea exulans","Wandering Albatross",1,484,2,9110,665,121,170,227,"Male"
100,3931,"Diomedea epomophora","Royal Albatross",1,445,2,8840,696,136,184,217.4,"Male"
100,3932,"Diomedea irrorata","Waved Albatross",NA,273,NA,3750,NA,NA,NA,NA,"Male"
100,3934,"Diomedea nigripes","Black-footed Albatross",NA,286,NA,3400,515,91,100.5,NA,"Male"
100,3935,"Diomedea immutabilis","Laysan Albatross",NA,288,NA,3310,NA,NA,172,NA,"Male"
100,3936,"Diomedea melanophris","Black-browed Albatross",1,258,2,3710,540.9,83.2,118.9,219.7,"Male"
100,3937,"Diomedea cauta","Shy Albatross",1,262,NA,4350,562,94,133,221,"Male"
100,3938,"Diomedea chrysostoma","Grey-headed Albatross",1,266,2,3900,531,84,115,83.6,"Male"
100,3940,"Diomedea bulleri","Buller's Albatross",1,231,2,3120,529,85,121,NA,"Male"
100,3941,"Phoebetria fusca","Sooty Albatross",1,231,2,2800,524,84,116,275,"Male"
112,5131,"Menura novaehollandiae","Superb Lyrebird",1,61.5,5,1099.7,290.5,110.4,41.4,696.9,"Male"
123,5738,"Corvus capensis","Cape Crow",3.5,22.3,NA,612,347,73.7,68.4,202,"Male"
123,5754,"Corvus coronoides","Australian Raven",NA,22,2,NA,NA,NA,NA,NA,"Male"
123,5761,"Corvus albus","Pied Crow",4.1,21.8,NA,590.5,358,61.3,60.2,187,"Male"
123,5762,"Corvus ruficollis","Brown-necked Raven",4,23.6,NA,782.5,404.2,70.7,71.7,206,"Male"
123,5763,"Corvus corax","Common Raven",4.1,28.8,2,1254,430.4,70.7,78.1,214,"Male"
123,5764,"Corvus rhipidurus","Fan-tailed Raven",4.5,21.8,NA,705,402.1,70.7,59.8,161,"Male"
123,5765,"Corvus albicollis","White-necked Raven",3.8,30.1,NA,1011,412,77,66.9,177,"Male"
123,5766,"Corvus crassirostris","Thick-billed Raven",4,30.1,NA,NA,442,81.1,85.4,253,"Male"
1,1,"Struthio camelus","Ostrich",NA,1500,4,1e+05,NA,NA,NA,NA,"Female"
3,7,"Dromaius novaehollandiae","Emu",8.98,581.2,1,38300,203,441,61.9,NA,"Female"
4,8,"Apteryx australis","Brown Kiwi",2,443,2,2535,NA,73.3,129.9,NA,"Female"
4,9,"Apteryx owenii","Little Spotted Kiwi",1,285,2,1351,NA,79.7,87.1,NA,"Female"
4,10,"Apteryx haastii","Great Spotted Kiwi",1,425,2,3270,NA,88.4,125.8,NA,"Female"
5,14,"Tinamus major","Great Tinamou",NA,61,1,991,NA,NA,NA,NA,"Female"
5,45,"Nothoprocta cinerascens","Brushland Tinamou",NA,34,1,577,NA,NA,NA,NA,"Female"
6,58,"Ortalis vetula","Plain Chachalaca",2.88,55,2,542,200,56.6,21.7,223.1,"Female"
6,68,"Ortalis motmot","Little Chachalaca",NA,63,2,385,NA,NA,NA,NA,"Female"
6,101,"Crax rubra","Great Curassow",NA,218,2,3685,NA,NA,NA,NA,"Female"
7,108,"Alectura lathami","Australian Brush-turkey",14.78,190,4,2210,307,111.2,36.2,261.7,"Female"
7,118,"Megapodius reinwardt","Orange-footed Scrubfowl",5.5,129,2,888,265,73.4,NA,111,"Female"
7,126,"Leipoa ocellata","Malleefowl",18.6,175,2,1830,325.5,71,28.2,NA,"Female"
8,131,"Tetraogallus caspius","Caspian Snowcock",7.5,75,NA,2343.8,288,61.8,NA,176,"Female"
8,138,"Alectoris chukar","Chukar",11.5,22.5,NA,501,154,44.1,14.3,78.9,"Female"
8,144,"Francolinus francolinus","Black Francolin",10,23.5,NA,425,167,52.4,26.6,88.3,"Female"
8,163,"Francolinus bicalcaratus","Double-spurred Francolin",6,26.5,NA,NA,169,56.5,24.5,60.5,"Female"
8,164,"Francolinus clappertoni","Clapperton's Francolin",NA,23,NA,463,166,56.3,NA,81.7,"Female"
8,167,"Francolinus adspersus","Red-billed Francolin",6.7,26.8,NA,394,163,46.7,NA,94.8,"Female"
8,168,"Francolinus capensis","Cape Francolin",7.4,33,NA,547,196,61.5,NA,111,"Female"
8,169,"Francolinus hildebrandti","Hildebrandt's Francolin",6,26.3,NA,455,162,45.8,NA,97.2,"Female"
8,174,"Francolinus leucoscepus","Yellow-necked Spurfowl",5,30.8,NA,545,187,57.8,NA,91.2,"Female"
8,175,"Francolinus rufopictus","Grey-breasted Spurfowl",4.5,28.4,NA,588,190,58,NA,86,"Female"
8,176,"Francolinus afer","Red-necked Spurfowl",6,33,NA,NA,182,56,NA,96,"Female"
8,177,"Francolinus swainsonii","Swainson's Spurfowl",5.5,29.1,NA,510,174,52.1,NA,81.7,"Female"
8,178,"Francolinus erckelii","Erckel's Francolin",7,33,NA,1136,185,55.7,NA,112,"Female"
8,269,"Phasianus colchicus","Common Pheasant",11.5,31.5,4,989,215,NA,NA,300,"Female"
8,270,"Chrysolophus pictus","Golden Pheasant",8.5,26.7,NA,NA,187,63.9,28.8,355,"Female"
8,281,"Afropavo congensis","Congo Peafowl",3,70,NA,NA,286,86,NA,190,"Female"
8,286,"Dendragapus obscurus","Blue Grouse",7.1,32.5,5,839,208,88,18,138,"Female"
8,290,"Tetrao tetrix","Black Grouse",8.5,35.5,NA,988,226,44.8,13.4,123,"Female"
8,291,"Tetrao mlokosiewiczi","Caucasian Grouse",6,32.5,NA,766,200,48,12.5,147,"Female"
8,292,"Tetrao urogallus","Western Capercaillie",8,53,5,1985,300,53.3,20.4,184,"Female"
8,297,"Centrocercus urophasianus","Sage Grouse",7.35,43,NA,1700,284,NA,NA,NA,"Female"
8,298,"Tympanuchus phasianellus","Sharp-tailed Grouse",11.78,24,5,817,NA,NA,NA,NA,"Female"
8,299,"Tympanuchus cupido","Greater Prairie-chicken",10.55,24.5,5,795,226,48.5,NA,98.3,"Female"
8,301,"Meleagris gallopavo","Wild Turkey",10.52,78.8,5,4222,417,130.6,31.3,316.4,"Female"
9,303,"Agelastes meleagrides","White-breasted Guineafowl",NA,29.2,NA,NA,201,79,NA,138.5,"Female"
9,304,"Agelastes niger","Black Guineafowl",NA,29.5,NA,NA,197,74,NA,148,"Female"
9,305,"Numida meleagris","Helmeted Guineafowl",8,39.4,2,1578,259,79,NA,170,"Female"
9,306,"Guttera plumifera","Plumed Guineafowl",9.5,38.5,NA,NA,222,77,NA,124,"Female"
9,307,"Guttera pucherani","Crested Guineafowl",4.5,48.6,NA,NA,257,86,NA,144,"Female"
9,308,"Acryllium vulturinum","Vulturine Guineafowl",NA,49,NA,1329,290,99,NA,260,"Female"
12,343,"Anseranas semipalmata","Magpie Goose",9.05,128,2,2071,389,93,73,NA,"Female"
13,344,"Dendrocygna guttata","Spotted Whistling-Duck",NA,50,NA,800,NA,NA,NA,NA,"Female"
13,345,"Dendrocygna eytoni","Plumed Whistling-Duck",11,40,2,792,228,54.5,43,70.6,"Female"
13,346,"Dendrocygna bicolor","Fulvous Whistling-Duck",13.34,51,2,690,217,54,46.1,49.3,"Female"
13,347,"Dendrocygna arcuata","Wandering Whistling-Duck",10.5,40,2,732,214,51.9,47,54.3,"Female"
13,349,"Dendrocygna viduata","White-faced Whistling-Duck",7.25,36,NA,662,223.3,52.9,47.4,56.3,"Female"
13,350,"Dendrocygna arborea","West Indian Whistling-Duck",NA,54,NA,1150,NA,NA,NA,NA,"Female"
13,351,"Dendrocygna autumnalis","Black-bellied Whistling-Duck",13.4,44,NA,849,NA,NA,NA,NA,"Female"
13,352,"Thalassornis leuconotus","White-backed Duck",6.75,84,NA,695,NA,NA,NA,NA,"Female"
14,353,"Oxyura dominica","Masked Duck",NA,70,NA,339,NA,NA,NA,NA,"Female"
14,354,"Oxyura jamaicensis","Ruddy Duck",8.1,73,NA,499,NA,NA,NA,68.2,"Female"
14,356,"Oxyura leucocephala","White-headed Duck",7.5,96,NA,593,159,34.9,44.5,85.5,"Female"
14,357,"Oxyura maccoa","Maccoa Duck",5.9,96,4,554,155,31,36,66,"Female"
14,358,"Oxyura vittata","Lake Duck",NA,86,NA,590,NA,NA,NA,NA,"Female"
14,359,"Oxyura australis","Blue-billed Duck",5.5,90,2,852,153,37.1,40.4,64.6,"Female"
14,360,"Biziura lobata","Musk Duck",2.8,128,5,1551,185,44.8,35,103.2,"Female"
14,362,"Stictonetta naevosa","Freckled Duck",6,66,2,842,222,44.6,51.3,66.3,"Female"
14,363,"Cygnus olor","Mute Swan",5.3,340,2,9670,562,NA,NA,211,"Female"
14,364,"Cygnus atratus","Black Swan",4.55,258,2,5100,487.5,93.4,65.3,104.9,"Female"
14,365,"Cygnus melanocorypha","Black-necked Swan",NA,247,2,4000,NA,NA,NA,NA,"Female"
14,366,"Cygnus cygnus","Whooper Swan",4.4,331,2,8750,NA,NA,NA,167,"Female"
14,367,"Cygnus buccinator","Trumpeter Swan",NA,324,NA,10300,NA,NA,NA,NA,"Female"
14,368,"Cygnus columbianus","Tundra Swan",4,280,2,6305,510,NA,NA,152,"Female"
14,369,"Coscoroba coscoroba","Coscoroba Swan",NA,185,NA,3800,NA,NA,NA,NA,"Female"
14,370,"Anser cygnoides","Swan Goose",NA,145,NA,3150,NA,NA,NA,NA,"Female"
14,371,"Anser brachyrhynchus","Pink-footed Goose",4.4,120,NA,2520,420,NA,NA,127,"Female"
14,372,"Anser fabalis","Bean Goose",5,146,NA,2843,NA,NA,NA,132,"Female"
14,373,"Anser albifrons","Greater White-fronted Goose",5.5,125,2,2508,404,NA,NA,113,"Female"
14,374,"Anser erythropus","Lesser White-fronted Goose",5.83,100,NA,1725,NA,NA,NA,129,"Female"
14,375,"Anser anser","Greylag Goose",NA,160,2,3237,NA,NA,NA,129,"Female"
14,376,"Anser indicus","Bar-headed Goose",NA,141,NA,2230,NA,NA,NA,NA,"Female"
14,377,"Anser caerulescens","Snow Goose",NA,127,2,2517,415.7,NA,NA,NA,"Female"
14,378,"Anser rossii","Ross's Goose",NA,92,NA,1500,NA,NA,NA,NA,"Female"
14,379,"Anser canagica","Emperor Goose",NA,120,NA,2766,NA,NA,NA,NA,"Female"
14,380,"Branta sandvicensis","Nene",3.13,131,2,1930,NA,NA,NA,NA,"Female"
14,381,"Branta canadensis","Canada Goose",5,163,2,3314,481,NA,NA,148,"Female"
14,382,"Branta leucopsis","Barnacle Goose",NA,107,2,1586,392,NA,NA,119,"Female"
14,383,"Branta bernicla","Brent Goose",4,91,2,1230,324,NA,NA,90.8,"Female"
14,384,"Branta ruficollis","Red-breasted Goose",NA,90,NA,1094,NA,NA,NA,102,"Female"
14,385,"Cereopsis novaehollandiae","Cape Barren Goose",4.24,137,2,3770,NA,106.1,NA,155,"Female"
14,387,"Chloephaga melanoptera","Andean Goose",NA,113,NA,3640,NA,NA,NA,NA,"Female"
14,389,"Chloephaga hybrida","Kelp Goose",NA,139,NA,2043,NA,NA,NA,NA,"Female"
14,390,"Chloephaga poliocephala","Ashy-headed Goose",NA,89,NA,2200,NA,NA,NA,NA,"Female"
14,392,"Neochen jubata","Orinoco Goose",NA,63,NA,1250,NA,NA,NA,NA,"Female"
14,393,"Alopochen aegyptiacus","Egyptian Goose",8.5,97,NA,1650,375,80.2,47.9,121,"Female"
14,394,"Tadorna ferruginea","Ruddy Shelduck",8.5,83,NA,1100,NA,NA,NA,118,"Female"
14,395,"Tadorna cana","South African Shelduck",10,83,NA,1417,326.2,56,42.4,124.5,"Female"
14,396,"Tadorna tadornoides","Australian Shelduck",9.33,93,2,1291,331,58.5,42,109.5,"Female"
14,397,"Tadorna variegata","Paradise Shelduck",9.4,91,2,1387,347.3,61,40,116.3,"Female"
14,399,"Tadorna tadorna","Common Shelduck",10.58,78,NA,1043,303,NA,NA,96.9,"Female"
14,400,"Tadorna radjah","Radjah Shelduck",NA,59,2,839,279.2,55.5,48,100.3,"Female"
14,401,"Tachyeres pteneres","Flightless Steamerduck",NA,166.5,NA,4228,NA,NA,NA,NA,"Female"
14,403,"Tachyeres brachypterus","Falkland Steamerduck",NA,147,NA,3450,NA,NA,NA,NA,"Female"
14,404,"Tachyeres patachonicus","Flying Steamerduck",NA,115,NA,2346,NA,NA,NA,NA,"Female"
14,405,"Plectropterus gambensis","Spur-winged Goose",6.5,140,4,4700,NA,NA,NA,NA,"Female"
14,406,"Cairina moschata","Muscovy Duck",NA,74,4,1250,NA,NA,NA,NA,"Female"
14,407,"Cairina scutulata","White-winged Duck",NA,72.3,NA,2600,NA,NA,NA,NA,"Female"
14,409,"Sarkidiornis melanotos","Comb Duck",8.5,66,NA,1777,286,47,44,110,"Female"
14,410,"Nettapus pulchellus","Green Pygmy-goose",NA,30,2,304,172.1,26.8,24.8,67.6,"Female"
14,411,"Nettapus coromandelianus","Cotton Pygmy-goose",NA,27,2,220,180.33,27.43,23.6,68.3,"Female"
14,412,"Nettapus auritus","African Pygmy-goose",9,23,NA,260,NA,NA,NA,NA,"Female"
14,414,"Aix sponsa","Wood Duck",10.95,44,2,671,NA,NA,NA,NA,"Female"
14,415,"Aix galericulata","Mandarin Duck",11.5,41,NA,512,NA,NA,NA,99.3,"Female"
14,416,"Chenonetta jubata","Maned Duck",NA,54,2,800,277,50.4,27.6,98.3,"Female"
14,422,"Anas specularis","Spectacled Duck",NA,53,NA,1531,NA,NA,NA,NA,"Female"
14,423,"Anas capensis","Cape Teal",8.09,50,NA,380,NA,NA,NA,NA,"Female"
14,424,"Anas strepera","Gadwall",9.96,44,NA,849,252,NA,NA,80.2,"Female"
14,425,"Anas falcata","Falcated Duck",NA,49,NA,585,NA,NA,NA,NA,"Female"
14,426,"Anas penelope","Eurasian Wigeon",9,44,NA,724,NA,NA,NA,90.7,"Female"
14,427,"Anas americana","American Wigeon",8.48,43,2,766,246.8,NA,NA,96.3,"Female"
14,428,"Anas sibilatrix","Chiloe Wigeon",NA,53,NA,828,NA,NA,NA,NA,"Female"
14,429,"Anas sparsa","African Black Duck",NA,71.7,NA,914,NA,40,44,93,"Female"
14,430,"Anas rubripes","American Black Duck",9.33,63,2,1111,268.7,NA,NA,NA,"Female"
14,431,"Anas fulvigula","Mottled Duck",9.4,55.5,NA,968,243,NA,NA,NA,"Female"
14,432,"Anas platyrhynchos","Mallard",10.53,54,2,1113,265,NA,NA,84.5,"Female"
14,435,"Anas poecilorhyncha","Spot-billed Duck",NA,57,NA,1025,NA,NA,NA,NA,"Female"
14,437,"Anas superciliosa","Pacific Black Duck",11,63,2,1013,248,44,50,85.8,"Female"
14,438,"Anas undulata","Yellow-billed Duck",7.8,55,NA,817,535,43,49,97,"Female"
14,439,"Anas melleri","Meller's Duck",NA,45,NA,911,NA,NA,NA,NA,"Female"
14,440,"Anas discors","Blue-winged Teal",10.1,29,2,451,174.3,NA,NA,63.9,"Female"
14,441,"Anas cyanoptera","Cinnamon Teal",9.13,32,NA,363,NA,NA,NA,74,"Female"
14,443,"Anas platalea","Red Shoveler",NA,46,NA,523,NA,NA,NA,NA,"Female"
14,444,"Anas rhynchotis","Australian Shoveler",10,43.2,2,665,231,35.4,58.5,76.2,"Female"
14,445,"Anas clypeata","Northern Shoveler",9.2,40,2,590,NA,NA,NA,75.8,"Female"
14,446,"Anas bernieri","Bernier's Teal",NA,36,NA,344,NA,NA,NA,NA,"Female"
14,447,"Anas gibberifrons","Sunda Teal",NA,35,NA,469,NA,NA,NA,NA,"Female"
14,449,"Anas castanea","Chestnut Teal",9.5,40,2,593,203.2,36.1,38.3,NA,"Female"
14,451,"Anas bahamensis","White-cheeked Pintail",NA,34,NA,569,NA,NA,NA,NA,"Female"
14,452,"Anas erythrorhyncha","Red-billed Duck",10,39,NA,566,211.5,33.4,43.5,76.3,"Female"
14,453,"Anas flavirostris","Speckled Teal",NA,39,NA,394,NA,NA,NA,NA,"Female"
14,454,"Anas acuta","Northern Pintail",8.3,45,2,866,260,NA,NA,104,"Female"
14,455,"Anas eatoni","Eaton's Pintail",4.11,37,2,441,213.3,33.1,32.1,89.3,"Female"
14,456,"Anas georgica","Yellow-billed Pintail",NA,37,2,535,201,36,33,89,"Female"
14,457,"Anas querquedula","Garganey",8.5,27,NA,310,NA,NA,NA,62.6,"Female"
14,458,"Anas formosa","Baikal Teal",NA,31,NA,431,NA,NA,NA,NA,"Female"
14,459,"Anas crecca","Common Teal",9.5,26.5,2,308,180,NA,NA,64.7,"Female"
14,461,"Anas versicolor","Silver Teal",NA,34,NA,373,NA,NA,NA,NA,"Female"
14,466,"Netta rufina","Red-crested Pochard",9,56,NA,1100,NA,NA,NA,68.4,"Female"
14,468,"Netta erythrophthalma","Southern Pochard",6.7,59,NA,766,208.9,39.6,43.3,56.5,"Female"
14,469,"Aythya ferina","Common Pochard",8.54,66,NA,807,NA,NA,NA,53,"Female"
14,470,"Aythya valisineria","Canvasback",8.1,68,2,1156,NA,NA,NA,57.9,"Female"
14,471,"Aythya americana","Redhead",NA,65,NA,990,NA,NA,NA,NA,"Female"
14,472,"Aythya collaris","Ring-necked Duck",8.84,51,2,671,196,NA,NA,NA,"Female"
14,473,"Aythya nyroca","Ferruginous Pochard",9,43,NA,520,NA,NA,NA,52.7,"Female"
14,475,"Aythya baeri","Baer's Pochard",NA,43,NA,680,NA,NA,NA,NA,"Female"
14,476,"Aythya australis","Hardhead",11,60,NA,838,215.3,38.5,42.2,NA,"Female"
14,477,"Aythya fuligula","Tufted Duck",9.5,56,NA,680,NA,NA,NA,52.7,"Female"
14,478,"Aythya novaeseelandiae","New Zealand Scaup",7.39,63,2,687,185.2,34.4,37.9,57.2,"Female"
14,479,"Aythya marila","Greater Scaup",9.5,67,2,975,217,NA,NA,55.7,"Female"
14,480,"Aythya affinis","Lesser Scaup",9.91,51,2,748,NA,NA,NA,52.3,"Female"
14,481,"Somateria mollissima","Common Eider",3.06,110,2,1915,NA,NA,NA,94.7,"Female"
14,482,"Somateria spectabilis","King Eider",4.5,73,NA,1567,NA,NA,NA,79.2,"Female"
14,483,"Somateria fischeri","Spectacled Eider",NA,73,NA,1304,NA,NA,NA,NA,"Female"
14,484,"Polysticta stelleri","Steller's Eider",7,58,NA,842,NA,NA,NA,NA,"Female"
14,486,"Histrionicus histrionicus","Harlequin Duck",5.7,53,2,553,196,NA,NA,79,"Female"
14,487,"Clangula hyemalis","Long-tailed Duck",7.5,43,2,636,NA,NA,NA,70.4,"Female"
14,488,"Melanitta nigra","Black Scoter",6.8,72,2,800,NA,NA,NA,74.7,"Female"
14,489,"Melanitta perspicillata","Surf Scoter",NA,62,NA,900,NA,NA,NA,NA,"Female"
14,490,"Melanitta fusca","White-winged Scoter",8.43,92,2,1730,NA,NA,NA,73.4,"Female"
14,491,"Bucephala clangula","Common Goldeneye",9.3,57,NA,800,NA,NA,NA,77.5,"Female"
14,492,"Bucephala islandica","Barrow's Goldeneye",9.5,70,NA,730,NA,NA,NA,85,"Female"
14,493,"Bucephala albeola","Bufflehead",NA,37,2,367,NA,NA,NA,74.5,"Female"
14,494,"Mergellus albellus","Smew",8,42,NA,568,NA,NA,NA,69.7,"Female"
14,495,"Lophodytes cucullatus","Hooded Merganser",NA,60,NA,540,NA,NA,NA,NA,"Female"
14,497,"Mergus serrator","Red-breasted Merganser",9.2,72,2,908,NA,NA,NA,76.4,"Female"
14,499,"Mergus merganser","Common Merganser",9.4,82,2,1232,NA,NA,NA,100,"Female"
23,971,"Ceratogymna bucinator","Trumpeter Hornbill",3,30.9,NA,567,263,40,112,198,"Female"
23,972,"Ceratogymna fistulator","Piping Hornbill",1.5,33,NA,449,246,NA,NA,171,"Female"
23,973,"Ceratogymna brevis","Silvery-cheeked Hornbill",1.5,27.6,NA,1162,340,50,149,260,"Female"
23,977,"Ceratogymna atrata","Black-casqued Hornbill",1.5,44.7,NA,1059,354,47,145,270,"Female"
24,979,"Bucorvus abyssinicus","Abyssinian Ground-Hornbill",1.5,95.3,NA,NA,512,135,222,318,"Female"
24,980,"Bucorvus leadbeateri","Southern Ground-Hornbill",NA,100.5,NA,3324,528,135,192,NA,"Female"
35,1088,"Dacelo novaeguineae","Laughing Kookaburra",2.92,30.4,2,352.1,218.7,27.5,69.2,159,"Female"
35,1089,"Dacelo leachii","Blue-winged Kookaburra",2.58,33,2,334.5,198.9,28.2,81.1,123,"Female"
36,1148,"Megaceryle maxima","Giant Kingfisher",3.5,30.6,NA,377,207,NA,93,90,"Female"
45,1387,"Calyptorhynchus baudinii","White-tailed Black-Cockatoo",1.5,29,NA,655,384.3,30.9,53.6,271,"Female"
45,1388,"Calyptorhynchus latirostris","Slender-billed Black-Cockatoo",1.5,32.8,2,612,381.1,31.4,44.8,267.7,"Female"
45,1389,"Calyptorhynchus funereus","Yellow-tailed Black-Cockatoo",2,33.8,2,800,414.3,29.6,48.2,336.8,"Female"
45,1390,"Calyptorhynchus banksii","Red-tailed Black-Cockatoo",1,33.5,2,738.6,415.4,30.4,50.5,298.8,"Female"
45,1391,"Calyptorhynchus lathami","Glossy Black-Cockatoo",1,25.5,2,405.4,341.9,20.6,44.8,224.3,"Female"
45,1396,"Cacatua galerita","Sulphur-crested Cockatoo",2.5,28,2,764.5,333.5,29.6,40.6,174.5,"Female"
45,1407,"Nestor notabilis","Kea",2.5,26,2,779,316.4,46.8,44.3,158.9,"Female"
45,1490,"Strigops habroptilus","Kakapo",2.2,36,5,1280,272.5,48.9,35.9,222.5,"Female"
49,2117,"Tauraco persa","Guinea Turaco",2,25,NA,NA,NA,NA,NA,214,"Female"
49,2134,"Corythaixoides concolor","Grey Go-away-bird",2.6,24,NA,269,219,NA,NA,NA,"Female"
49,2135,"Corythaixoides personatus","Bare-faced Go-away-bird",2.5,24,NA,NA,203,NA,NA,250,"Female"
49,2139,"Corythaeola cristata","Great Blue Turaco",2,54,NA,981,319,49,40,371,"Female"
50,2140,"Tyto tenebricosa","Greater Sooty-Owl",1.6,42.5,2,887,324.5,74.9,43,158.3,"Female"
50,2147,"Tyto novaehollandiae","Australian Masked-Owl",2.6,23.5,2,630.4,334.6,68.9,41.7,NA,"Female"
50,2153,"Tyto capensis","African Grass-Owl",3,24.2,NA,NA,293,79.5,NA,102.5,"Female"
51,2204,"Bubo virginianus","Great Horned Owl",2.55,69,NA,1706,370.5,117.5,27.5,226,"Female"
51,2205,"Bubo bubo","Eurasian Eagle-Owl",2,80,2,2992,482,82.2,55.1,217,"Female"
51,2208,"Bubo capensis","Cape Eagle-Owl",2.1,57,NA,1347,377,74.5,46,211,"Female"
51,2209,"Bubo africanus","Spotted Eagle-Owl",2.5,47.4,NA,NA,339,72,39,199,"Female"
51,2210,"Bubo poensis","Fraser's Eagle-Owl",NA,58.3,NA,746,320,56,44,170,"Female"
51,2215,"Bubo lacteus","Verreaux's Eagle-Owl",2,80.3,NA,2625,465,79,55,254,"Female"
51,2223,"Scotopelia peli","Pel's Fishing-Owl",2,61.5,NA,2188,426,75,57,226,"Female"
51,2226,"Nyctea scandiaca","Snowy Owl",6.67,63.5,NA,1961,448,56.6,46.1,231,"Female"
51,2230,"Strix aluco","Tawny Owl",2.5,39,2,486,278,48.3,32,162,"Female"
51,2232,"Strix occidentalis","Spotted Owl",2.13,46,NA,663,328,61.6,37.7,209,"Female"
51,2233,"Strix varia","Barred Owl",2.41,47.2,NA,632,332.8,NA,25.1,230.3,"Female"
51,2237,"Strix uralensis","Ural Owl",2.89,48,2,870,363,53.9,40.4,271,"Female"
51,2239,"Strix nebulosa","Great Grey Owl",4,52,2,1186,452,55.1,43.2,289.5,"Female"
51,2244,"Strix woodfordii","African Wood-Owl",2,38.6,NA,300,249,46,31,153,"Female"
51,2250,"Surnia ulula","Northern Hawk Owl",6.21,21.8,2,320,238,25.5,25.2,173.8,"Female"
51,2285,"Ninox strenua","Powerful Owl",1.85,56.5,2,1252.5,392,56.4,44.7,243.4,"Female"
51,2286,"Ninox connivens","Barking Owl",2.3,39.3,2,591.8,298.4,42.9,32,164.1,"Female"
51,2289,"Ninox novaeseelandiae","Morepork",2.5,22.2,2,214.3,210.6,37.2,23.5,119.7,"Female"
51,2306,"Asio otus","Long-eared Owl",3,23,2,278,299,39.9,28.9,142,"Female"
51,2311,"Asio capensis","Marsh Owl",2.5,26.2,NA,330,298,57,30.5,156,"Female"
53,2321,"Podargus strigoides","Tawny Frogmouth",2.08,25,2,298,258.1,28.5,38,188.6,"Female"
53,2322,"Podargus papuensis","Papuan Frogmouth",1,26,2,341,280.8,29.7,48.4,269.7,"Female"
60,2441,"Columba trocaz","Trocaz Pigeon",1,26.2,NA,NA,244,35,19.9,173,"Female"
60,2732,"Ducula spilorrhoa","Torresian Imperial-Pigeon",NA,22.6,2,441.1,NA,NA,NA,NA,"Female"
60,2736,"Hemiphaga novaeseelandiae","New Zealand Pigeon",1,26.1,2,651.8,260,NA,16.7,189.3,"Female"
62,2746,"Tetrax tetrax","Little Bustard",3.5,41,NA,NA,249,66.1,23,95.4,"Female"
62,2747,"Otis tarda","Great Bustard",2.5,143,NA,3816,486,125,30.8,214,"Female"
62,2748,"Neotis denhami","Stanley Bustard",1.5,126,NA,NA,515,142,74.17,275,"Female"
62,2752,"Ardeotis arabs","Arabian Bustard",2,115,NA,NA,496.67,153,70.08,281,"Female"
62,2753,"Ardeotis kori","Kori Bustard",1.5,158,NA,5890,628.77,190.08,88,312,"Female"
62,2754,"Ardeotis nigriceps","Indian Bustard",NA,145,NA,2800,539.45,162.73,62.55,NA,"Female"
62,2755,"Ardeotis australis","Australian Bustard",1.71,136,NA,NA,503.6,162.8,NA,219,"Female"
62,2756,"Chlamydotis undulata","Houbara Bustard",2.5,68,NA,1360,359.23,86.23,34.36,192,"Female"
62,2758,"Eupodotis gindiana","Buff-crested Bustard",NA,46,NA,NA,250.08,76.75,30.83,NA,"Female"
62,2759,"Eupodotis ruficrista","Red-crested Bustard",1.5,49,NA,NA,254.45,76.36,32.59,130,"Female"
62,2762,"Eupodotis rueppellii","Rueppell's Bustard",NA,53,NA,NA,313,80.4,NA,NA,"Female"
62,2763,"Eupodotis vigorsii","Karoo Bustard",1.5,64,NA,1352.8,312.29,82,34,151,"Female"
62,2764,"Eupodotis humilis","Little Brown Bustard",2,33,NA,NA,245.13,63.1,29.05,109,"Female"
62,2766,"Eupodotis caerulescens","Blue Bustard",2,60,NA,NA,330.75,94.25,28.25,151,"Female"
62,2767,"Eupodotis melanogaster","Black-bellied Bustard",1.5,73,NA,925,319.3,129.7,40.12,157,"Female"
62,2769,"Eupodotis bengalensis","Bengal Florican",NA,72,NA,NA,343.43,142.86,35.79,NA,"Female"
62,2770,"Eupodotis indica","Lesser Florican",NA,46,NA,NA,231.73,98.18,35.86,NA,"Female"
63,2771,"Balearica pavonina","Black Crowned-Crane",2.5,137,NA,NA,NA,NA,NA,NA,"Female"
63,2772,"Balearica regulorum","Grey Crowned-Crane",2.52,152,NA,3772.5,NA,NA,NA,NA,"Female"
63,2773,"Grus leucogeranus","Siberian Crane",NA,197,NA,5283.3,594,268,178,206,"Female"
63,2774,"Grus antigone","Sarus Crane",1.83,225,2,5250,567.33,273.7,147.67,218.3,"Female"
63,2775,"Grus rubicunda","Brolga",1.84,181,2,5663,552,280.1,147.8,212.1,"Female"
63,2777,"Grus canadensis","Sandhill Crane",1.94,152,2,4110,NA,217,114.1,159,"Female"
63,2778,"Grus virgo","Demoiselle Crane",NA,128,NA,2042.5,467,176,64.2,NA,"Female"
63,2779,"Grus paradisea","Blue Crane",NA,185,NA,NA,NA,NA,NA,NA,"Female"
63,2780,"Grus carunculatus","Wattled Crane",NA,240,NA,NA,634.1,309.8,NA,NA,"Female"
63,2781,"Grus grus","Common Crane",2,195,2,4500,557,238,102,200,"Female"
63,2783,"Grus americana","Whooping Crane",1.94,209,NA,NA,597.9,281.4,136.7,NA,"Female"
69,2805,"Himantornis haematopus","Nkulengu Rail",3,38.5,NA,390,212,75,NA,80,"Female"
69,2806,"Canirallus oculeus","Grey-throated Rail",NA,24.5,NA,NA,173,52,37,65,"Female"
69,2836,"Gallirallus sylvestris","Lord Howe Rail",2.5,29,2,456,145,45.2,47,60.6,"Female"
69,2909,"Eulabeornis castaneoventris","Chestnut Rail",4.5,40.7,NA,NA,214.6,69.4,54.7,124.3,"Female"
69,2913,"Porphyrio porphyrio","Purple Swamphen",4,41.5,2,724,259,94.4,40.9,92.9,"Female"
69,2915,"Porphyrio mantelli","Takahe",1.7,93,2,2268,228.7,91.7,79.4,116,"Female"
69,2922,"Gallinula chloropus","Common Moorhen",7,22.3,2,338,176,47.6,24.5,74.1,"Female"
69,2923,"Gallinula tenebrosa","Dusky Moorhen",8.01,34,2,493,199.6,60.2,43.1,NA,"Female"
69,2926,"Gallinula ventralis","Black-tailed Native-hen",5.9,24,NA,364,210.2,56.5,29.2,80.1,"Female"
69,2927,"Gallinula mortierii","Tasmanian Native-hen",6.36,45,2,1251,198.1,81.1,39.3,93.7,"Female"
69,2928,"Fulica cristata","Red-knobbed Coot",6,41,NA,900,217,66,31,58.7,"Female"
69,2929,"Fulica atra","Common Coot",8,36.5,NA,715,205,56.8,27.6,53.4,"Female"
69,2930,"Fulica alai","Hawaiian Coot",5,28,NA,NA,166.2,53.5,48.4,NA,"Female"
69,2931,"Fulica americana","American Coot",7.5,28.9,NA,451,187.9,58.4,NA,51.4,"Female"
71,2942,"Syrrhaptes tibetanus","Tibetan Sandgrouse",NA,27.5,NA,NA,257,NA,NA,NA,"Female"
71,2944,"Pterocles alchata","Pin-tailed Sandgrouse",2.96,25,NA,225,205,26,13.8,138,"Female"
71,2948,"Pterocles gutturalis","Yellow-throated Sandgrouse",3,30,NA,336,213,29.2,14.9,81.1,"Female"
71,2949,"Pterocles orientalis","Black-bellied Sandgrouse",2.76,28,NA,383,228,31,13.4,91.3,"Female"
74,2963,"Scolopax rusticola","Eurasian Woodcock",3.84,24.5,NA,313,200,37.1,73.5,83,"Female"
74,2974,"Gallinago media","Great Snipe",4,23.2,NA,175,146,37.3,64.7,52.9,"Female"
74,2987,"Coenocorypha aucklandica","Subantarctic Snipe",2.02,23.7,3,116.1,109.2,25.8,60.9,NA,"Female"
74,2988,"Limosa limosa","Black-tailed Godwit",3.86,39,2,315,218,81.2,107,70.1,"Female"
74,2989,"Limosa haemastica","Hudsonian Godwit",3.88,37.5,2,289,217.4,58,89.5,77.5,"Female"
74,2990,"Limosa lapponica","Bar-tailed Godwit",3.72,37,2,354,223,55.5,97.7,76.5,"Female"
74,2991,"Limosa fedoa","Marbled Godwit",3.95,44.5,2,421,239.9,75.3,114.6,88,"Female"
74,2994,"Numenius phaeopus","Whimbrel",3.7,50,2,398,251,60.9,86.9,89,"Female"
74,2995,"Numenius tahitiensis","Bristle-thighed Curlew",3.85,54.8,NA,489,245,56.5,77.2,97,"Female"
74,2997,"Numenius arquata","Eurasian Curlew",3.83,76,NA,788,310,83,137,113,"Female"
74,2998,"Numenius americanus","Long-billed Curlew",3.91,73,NA,758.6,291.3,86.9,184,121.5,"Female"
74,3000,"Bartramia longicauda","Upland Sandpiper",3.99,23.5,NA,157,170,48.1,28.8,81,"Female"
74,3001,"Tringa erythropus","Spotted Redshank",4,24.5,NA,161,170,57.9,59.8,65,"Female"
74,3002,"Tringa totanus","Common Redshank",3.92,22.3,NA,135,161,49.7,42.7,61.6,"Female"
74,3004,"Tringa nebularia","Common Greenshank",3.91,30.5,NA,175,193,60.8,57,73.2,"Female"
74,3006,"Tringa melanoleuca","Greater Yellowlegs",3.7,27.9,2,176,199,62.6,56.7,74.1,"Female"
74,3016,"Catoptrophorus semipalmatus","Willet",3.89,39.5,NA,301.4,213.5,68.3,64.1,80.9,"Female"
74,3025,"Calidris tenuirostris","Great Knot",NA,22,NA,174,192,35.5,43.8,65.8,"Female"
77,3061,"Chionis alba","Snowy Sheathbill",2.38,45.5,2,638,242,42.9,32,124,"Female"
77,3062,"Chionis minor","Black-faced Sheathbill",2.09,43.1,2,551,231,45.6,NA,107,"Female"
79,3064,"Burhinus oedicnemus","Eurasian Thick-knee",1.9,42,NA,449,240,NA,39.3,118,"Female"
79,3065,"Burhinus senegalensis","Senegal Thick-knee",2,32,NA,NA,221,70.3,46.8,110,"Female"
79,3070,"Burhinus grallarius","Bush Thick-knee",1.86,41.8,2,625.3,272,130.9,48.7,NA,"Female"
80,3073,"Haematopus ostralegus","Eurasian Oystercatcher",2.77,46.7,2,536,255,51.5,78.4,105,"Female"
80,3075,"Haematopus moquini","African Oystercatcher",3.88,55.8,NA,730,279,57.8,71.6,76,"Female"
80,3076,"Haematopus finschi","South Island Oystercatcher",2.33,44.2,2,554,260,48.9,92.3,100,"Female"
80,3077,"Haematopus bachmani","Black Oystercatcher",2.48,45.2,2,NA,247.5,53.1,73.6,NA,"Female"
80,3078,"Haematopus palliatus","American Oystercatcher",2.45,44.9,2,NA,259.5,58.6,92.3,104,"Female"
80,3079,"Haematopus longirostris","Pied Oystercatcher",2.08,49,2,626.3,280.9,58.9,84.8,111,"Female"
80,3080,"Haematopus unicolor","Variable Oystercatcher",2.4,48.2,2,734,279,56.4,91.8,106,"Female"
80,3081,"Haematopus fuliginosus","Sooty Oystercatcher",1.8,69.5,2,778.5,289.9,55.2,81.4,117.7,"Female"
80,3084,"Ibidorhyncha struthersii","Ibisbill",NA,37,NA,NA,255,NA,74,NA,"Female"
80,3085,"Himantopus himantopus","Black-winged Stilt",3.91,21.8,NA,157,232,115,61.1,70.5,"Female"
80,3091,"Recurvirostra avosetta","Pied Avocet",3.89,31.7,NA,NA,225,82.4,78.3,83.2,"Female"
80,3092,"Recurvirostra americana","American Avocet",3.78,28.7,NA,309.8,217.7,90.3,88.8,NA,"Female"
80,3095,"Pluvialis apricaria","Eurasian Golden-Plover",3.85,32.8,2,176,190,40.2,21.6,72.6,"Female"
80,3097,"Pluvialis dominica","American Golden-Plover",3.93,26,2,146,182,43.1,23.3,64.4,"Female"
80,3098,"Pluvialis squatarola","Grey Plover",3.96,34.2,2,NA,199,47,29,72.7,"Female"
80,3137,"Vanellus vanellus","Northern Lapwing",3.85,25.5,NA,226,224,47,23.9,101,"Female"
80,3142,"Vanellus miles","Masked Lapwing",3.62,32,2,252.8,223.2,76.9,35.2,92.5,"Female"
80,3151,"Vanellus senegallus","Wattled Lapwing",2.5,23.3,NA,NA,237,86.6,33.9,93.6,"Female"
80,3156,"Vanellus gregarius","Sociable Lapwing",NA,26.5,NA,200,204,59.2,28.7,81.9,"Female"
80,3159,"Vanellus chilensis","Southern Lapwing",NA,27.8,NA,NA,230.1,74,NA,NA,"Female"
81,3161,"Dromas ardeola","Crab Plover",1,45,NA,NA,215,93.8,56.8,68.1,"Female"
82,3179,"Catharacta skua","Great Skua",2,111.7,NA,1935,420.6,77.1,55.3,NA,"Female"
82,3183,"Catharacta maccormicki","South Polar Skua",1.8,89.4,2,1421,415,64.8,50.9,148.9,"Female"
82,3184,"Stercorarius pomarinus","Pomarine Jaeger",1.96,66,2,740,373,55.1,40.9,179,"Female"
82,3186,"Stercorarius longicaudus","Long-tailed Jaeger",1.77,39.2,2,307.2,284,42.5,NA,111,"Female"
82,3187,"Rynchops niger","Black Skimmer",3.5,26.9,NA,254,342,30.7,56.4,108,"Female"
82,3191,"Larus pacificus","Pacific Gull",2.2,98.4,2,1077,436.7,69.4,53.8,NA,"Female"
82,3196,"Larus heermanni","Heermann's Gull",1.52,58.6,NA,NA,337.7,NA,NA,138.2,"Female"
82,3199,"Larus canus","Mew Gull",2.8,51,2,360,341,47.7,31.1,129,"Female"
82,3200,"Larus audouinii","Audouin's Gull",2.49,67,NA,NA,393,55.8,44.5,144,"Female"
82,3201,"Larus delawarensis","Ring-billed Gull",2.88,58.6,3,471,368,53.8,37.2,131,"Female"
82,3204,"Larus dominicanus","Kelp Gull",2.35,84.2,2,935.3,414,65.1,52.5,154.3,"Female"
82,3205,"Larus glaucescens","Glaucous-winged Gull",2.7,95.7,2,946.1,392,67,57,174.2,"Female"
82,3207,"Larus livens","Yellow-footed Gull",2.63,99.66,NA,NA,414.4,65.8,19.46,NA,"Female"
82,3208,"Larus hyperboreus","Glaucous Gull",2.57,112.4,NA,1249,456,68.8,58.2,190,"Female"
82,3210,"Larus argentatus","Herring Gull",2.6,87.5,2,813,404,60.5,48.9,169,"Female"
82,3215,"Larus ichthyaetus","Great Black-headed Gull",2.11,112,NA,1143,472,71.6,55.8,181,"Female"
82,3219,"Larus novaehollandiae","Silver Gull",2.05,40.2,2,264,288,46.6,34.4,NA,"Female"
82,3232,"Larus pipixcan","Franklin's Gull",2.5,35.8,NA,279,284,41.6,29.5,97,"Female"
82,3239,"Rissa brevirostris","Red-legged Kittiwake",NA,49.4,NA,382,NA,NA,NA,NA,"Female"
82,3241,"Sterna caspia","Caspian Tern",2.35,65,NA,588,412,44.4,67.8,132,"Female"
82,3244,"Sterna elegans","Elegant Tern",1.03,36.48,NA,NA,312.7,NA,60.8,159.6,"Female"
82,3248,"Sterna sandvicensis","Sandwich Tern",1.21,35,NA,NA,304,NA,NA,73.2,"Female"
82,3271,"Sterna fuscata","Sooty Tern",1,40.2,2,NA,287,NA,NA,201.5,"Female"
82,3278,"Anous minutus","Black Noddy",1,25.1,2,97.5,221.2,21.2,41.3,115.3,"Female"
82,3284,"Alle alle","Dovekie",1,28,2,151,120.7,20.2,15.5,40.7,"Female"
82,3285,"Uria aalge","Common Murre",1,108,2,985,209,37.9,43.2,46.6,"Female"
82,3286,"Uria lomvia","Thick-billed Murre",1,98.5,2,928,223,36.4,13.6,47.8,"Female"
82,3289,"Cepphus grylle","Black Guillemot",1.83,50,2,386,165,31.7,33.2,48.9,"Female"
82,3292,"Brachyramphus marmoratus","Marbled Murrelet",1,59.8,NA,222.7,132.6,15.9,15.3,30.5,"Female"
82,3294,"Synthliboramphus hypoleucus","Xantus's Murrelet",1.8,37.2,NA,173.2,122.5,24.9,18,NA,"Female"
82,3299,"Cyclorrhynchus psittacula","Parakeet Auklet",NA,53.8,NA,285.7,145.2,30.3,15.6,NA,"Female"
82,3300,"Aethia cristatella","Crested Auklet",1,54.2,NA,251.4,140.3,28.4,11.8,35.8,"Female"
82,3303,"Cerorhinca monocerata","Rhinoceros Auklet",1,77.7,NA,456,177.7,32.5,18.5,NA,"Female"
82,3304,"Fratercula arctica","Atlantic Puffin",1,60,2,361,162,25.6,43.1,48.8,"Female"
82,3305,"Fratercula corniculata","Horned Puffin",1,75.9,2,NA,NA,NA,NA,NA,"Female"
82,3306,"Fratercula cirrhata","Tufted Puffin",1,87.9,NA,743.7,200.9,NA,57.5,NA,"Female"
83,3307,"Pandion haliaetus","Osprey",2.5,72,2,1627,495,NA,NA,216,"Female"
83,3308,"Aviceda cuculoides","African Baza",2,32.5,NA,NA,293,NA,NA,NA,"Female"
83,3311,"Aviceda subcristata","Pacific Baza",2.5,29,2,347,343,NA,NA,211,"Female"
83,3315,"Chondrohierax uncinatus","Hook-billed Kite",NA,48.8,NA,274.5,289,NA,NA,NA,"Female"
83,3318,"Pernis apivorus","European Honey-buzzard",2,49,NA,791,415,NA,NA,259,"Female"
83,3323,"Elanoides forficatus","Swallow-tailed Kite",2.07,36.5,NA,612,440,NA,NA,356,"Female"
83,3328,"Elanus leucurus","White-tailed Kite",4.1,23.5,NA,328.5,318.15,NA,NA,NA,"Female"
83,3329,"Elanus scriptus","Letter-winged Kite",3.37,26,2,343,307,NA,NA,148,"Female"
83,3331,"Rostrhamus sociabilis","Snail Kite",2.8,32,NA,446,361,NA,NA,175,"Female"
83,3335,"Ictinia mississippiensis","Mississippi Kite",2,27,NA,311,309.5,NA,NA,163,"Female"
83,3336,"Ictinia plumbea","Plumbeous Kite",NA,27,NA,255,302,NA,NA,NA,"Female"
83,3337,"Milvus milvus","Red Kite",2,63,NA,1231.8,503,NA,NA,343,"Female"
83,3338,"Milvus migrans","Black Kite",2.5,56,2,850,464,NA,NA,268,"Female"
83,3340,"Haliastur sphenurus","Whistling Kite",2,56.5,2,840,NA,NA,NA,267,"Female"
83,3342,"Haliaeetus leucogaster","White-bellied Fish-Eagle",2,117,2,3330,599,NA,NA,NA,"Female"
83,3344,"Haliaeetus vocifer","African Fish-Eagle",1.93,120,NA,NA,587,NA,NA,226,"Female"
83,3346,"Haliaeetus leucoryphus","Pallas's Sea-Eagle",NA,117,NA,3088,599,NA,NA,286,"Female"
83,3347,"Haliaeetus albicilla","White-tailed Eagle",2,142,NA,5572,668,NA,NA,305,"Female"
83,3348,"Haliaeetus leucocephalus","Bald Eagle",2,117,NA,5350,599.6,NA,NA,304,"Female"
83,3352,"Gypohierax angolensis","Palm-nut Vulture",1,107,NA,1712,NA,NA,NA,NA,"Female"
83,3353,"Gypaetus barbatus","Lammergeier",1.5,224,2,6175,794,NA,NA,489,"Female"
83,3354,"Neophron percnopterus","Egyptian Vulture",2,94,NA,2026,501.24,NA,NA,255,"Female"
83,3355,"Necrosyrtes monachus","Hooded Vulture",1,120,NA,NA,484,82.5,NA,219,"Female"
83,3356,"Gyps africanus","White-backed Vulture",1,214,NA,NA,NA,NA,NA,NA,"Female"
83,3359,"Gyps rueppellii","Rueppell's Griffon",1,225,NA,NA,NA,NA,NA,NA,"Female"
83,3361,"Gyps fulvus","Eurasian Griffon",1,252,NA,8525,752,NA,NA,304,"Female"
83,3362,"Gyps coprotheres","Cape Griffon",1,240,NA,NA,NA,NA,NA,NA,"Female"
83,3363,"Aegypius monachus","Cinereous Vulture",1,243,NA,10000,798,NA,NA,381,"Female"
83,3364,"Torgos tracheliotus","Lappet-faced Vulture",1,238,NA,6800,782,140,NA,350,"Female"
83,3365,"Trigonoceps occipitalis","White-headed Vulture",NA,196,NA,NA,NA,NA,NA,NA,"Female"
83,3367,"Circaetus gallicus","Short-toed Snake-Eagle",1,136,NA,1735,535,NA,NA,NA,"Female"
83,3369,"Circaetus cinereus","Brown Snake-Eagle",1,139,NA,NA,NA,NA,NA,NA,"Female"
83,3372,"Terathopius ecaudatus","Bateleur",NA,168,NA,NA,539,74,NA,109,"Female"
83,3381,"Circus aeruginosus","Western Marsh-Harrier",4.5,40,2,669,413,NA,NA,239,"Female"
83,3382,"Circus ranivorus","African Marsh-Harrier",3.63,33,NA,NA,375,NA,NA,NA,"Female"
83,3384,"Circus approximans","Swamp Harrier",3.77,40,3,870,427,NA,NA,249,"Female"
83,3387,"Circus assimilis","Spotted Harrier",3.1,42,2,671,453,NA,NA,NA,"Female"
83,3388,"Circus maurus","Black Harrier",3.47,33,NA,NA,366.5,NA,NA,NA,"Female"
83,3389,"Circus cyaneus","Northern Harrier",4.5,31,NA,527,376,NA,NA,243,"Female"
83,3391,"Circus macrourus","Pallid Harrier",4.5,28,NA,445,371,NA,NA,236,"Female"
83,3393,"Circus pygargus","Montagu's Harrier",4.5,24,NA,345,372,NA,NA,225,"Female"
83,3396,"Kaupifalco monogrammicus","Lizard Buzzard",1.95,32,NA,310,231,54,NA,148,"Female"
83,3397,"Melierax metabates","Dark Chanting-Goshawk",1,50,NA,846.5,315,NA,NA,219,"Female"
83,3405,"Accipiter tachiro","African Goshawk",2.4,34,NA,370,247,NA,NA,NA,"Female"
83,3413,"Accipiter novaehollandiae","Grey Goshawk",2.45,40.5,2,720,308,NA,NA,NA,"Female"
83,3414,"Accipiter fasciatus","Brown Goshawk",3.02,32.5,2,549,302,NA,NA,237,"Female"
83,3437,"Accipiter nisus","Eurasian Sparrowhawk",5,22.5,2,290,236.6,NA,NA,180,"Female"
83,3438,"Accipiter rufiventris","Rufous-chested Sparrowhawk",2.93,23,NA,NA,235,NA,NA,187.5,"Female"
83,3443,"Accipiter cooperii","Cooper's Hawk",3.8,40,NA,140,182.5,NA,NA,NA,"Female"
83,3446,"Accipiter melanoleucus","Black Goshawk",2.8,52,NA,865,337.5,NA,NA,NA,"Female"
83,3448,"Accipiter gentilis","Northern Goshawk",3.5,67,2,1140,354,NA,NA,256,"Female"
83,3454,"Butastur rufipennis","Grasshopper Buzzard",2,34,NA,344,307,59,NA,177,"Female"
83,3469,"Buteogallus aequinoctialis","Rufous Crab-Hawk",NA,60,NA,796,325.2,NA,NA,NA,"Female"
83,3470,"Buteogallus anthracinus","Common Black-Hawk",1.8,65,NA,1199,377,NA,NA,222.3,"Female"
83,3473,"Buteogallus meridionalis","Savanna Hawk",NA,74,NA,845.8,398.5,NA,NA,NA,"Female"
83,3474,"Parabuteo unicinctus","Harris's Hawk",2.84,50,NA,997.7,360.9,NA,NA,244.3,"Female"
83,3480,"Asturina nitida","Grey-lined Hawk",NA,43.2,2,554,NA,NA,NA,NA,"Female"
83,3481,"Buteo magnirostris","Roadside Hawk",NA,37,2,360.7,264.3,NA,NA,NA,"Female"
83,3482,"Buteo lineatus","Red-shouldered Hawk",3.12,57,NA,701,342.9,NA,NA,NA,"Female"
83,3484,"Buteo platypterus","Broad-winged Hawk",2.39,42,2,440,285,NA,NA,171,"Female"
83,3488,"Buteo swainsoni","Swainson's Hawk",2.44,61,NA,1109,404.6,NA,NA,214.6,"Female"
83,3495,"Buteo jamaicensis","Red-tailed Hawk",2.24,64,2,1224,388.8,NA,NA,230.1,"Female"
83,3497,"Buteo buteo","Common Buzzard",3,60,2,966.5,398,NA,NA,215,"Female"
83,3500,"Buteo rufinus","Long-legged Buzzard",3.5,73,NA,1314,466,NA,NA,241,"Female"
83,3502,"Buteo regalis","Ferruginous Hawk",3.75,80,NA,1776,457,NA,NA,NA,"Female"
83,3503,"Buteo lagopus","Rough-legged Hawk",3.5,60,2,1027,442,NA,NA,226,"Female"
83,3505,"Buteo augur","Augur Buzzard",NA,54,NA,760,367,NA,NA,NA,"Female"
83,3507,"Buteo rufofuscus","Jackal Buzzard",1.99,74,NA,NA,432,NA,NA,NA,"Female"
83,3513,"Aquila pomarina","Lesser Spotted Eagle",2,88,NA,1693.3,483,NA,NA,232,"Female"
83,3514,"Aquila clanga","Greater Spotted Eagle",2,110,NA,2108,525,NA,NA,255,"Female"
83,3515,"Aquila rapax","Tawny Eagle",2,118,NA,2155,531,NA,NA,269,"Female"
83,3516,"Aquila nipalensis","Steppe Eagle",NA,117,NA,2987,567,NA,NA,NA,"Female"
83,3518,"Aquila heliaca","Imperial Eagle",2.5,132,NA,3901,622,NA,NA,297,"Female"
83,3520,"Aquila chrysaetos","Golden Eagle",2,142,2,5194,685,NA,NA,341,"Female"
83,3521,"Aquila audax","Wedge-tailed Eagle",2,143,2,3810,640.1,NA,NA,NA,"Female"
83,3522,"Aquila verreauxii","Verreaux's Eagle",2,158,NA,4642,636,NA,NA,301.3,"Female"
83,3523,"Aquila wahlbergi","Wahlberg's Eagle",1,73,NA,NA,440,NA,NA,242.5,"Female"
83,3524,"Hieraaetus fasciatus","Bonelli's Eagle",2,112,2,2545.6,492.2,NA,NA,271,"Female"
83,3526,"Hieraaetus pennatus","Booted Eagle",2,62,NA,975,393,NA,NA,211.2,"Female"
83,3527,"Hieraaetus morphnoides","Little Eagle",1.65,62,2,949,387,NA,NA,213,"Female"
83,3530,"Polemaetus bellicosus","Martial Eagle",1,182,NA,NA,640,122,NA,300,"Female"
83,3532,"Lophaetus occipitalis","Long-crested Eagle",1.56,75,NA,1445,389,NA,NA,137.5,"Female"
83,3543,"Stephanoaetus coronatus","Crowned Hawk-Eagle",1.62,112,NA,3514,512.5,NA,NA,347.5,"Female"
84,3545,"Sagittarius serpentarius","Secretarybird",1.96,130,NA,3405,655,NA,NA,647.5,"Female"
85,3553,"Polyborus plancus","Crested Caracara",NA,76,NA,1219,391,NA,NA,NA,"Female"
85,3554,"Milvago chimachima","Yellow-headed Caracara",NA,28,NA,335,291,NA,NA,NA,"Female"
85,3556,"Herpetotheres cachinnans","Laughing Falcon",NA,65,NA,715,267,NA,NA,NA,"Female"
85,3571,"Falco berigora","Brown Falcon",2.79,45,2,681.4,352,NA,NA,NA,"Female"
85,3580,"Falco rupicoloides","Greater Kestrel",3.65,22,NA,272,281,NA,NA,NA,"Female"
85,3581,"Falco alopex","Fox Kestrel",2.5,22,NA,NA,288.5,44,NA,195.5,"Female"
85,3582,"Falco ardosiaceus","Grey Kestrel",4,25,NA,248.4,243,43.5,NA,157,"Female"
85,3583,"Falco dickinsoni","Dickinson's Kestrel",NA,22,NA,221,NA,NA,NA,NA,"Female"
85,3585,"Falco chicquera","Red-necked Falcon",3.6,24,NA,NA,224,39,NA,138,"Female"
85,3588,"Falco eleonorae","Eleonora's Falcon",2.5,26,NA,388,327,NA,NA,178,"Female"
85,3591,"Falco columbarius","Merlin",4,22,2,212,217,NA,NA,129,"Female"
85,3593,"Falco subbuteo","Eurasian Hobby",3,24,NA,240.5,268,NA,NA,135,"Female"
85,3596,"Falco longipennis","Australian Hobby",2.8,28,NA,282,269.9,NA,NA,138,"Female"
85,3597,"Falco novaeseelandiae","New Zealand Falcon",2.77,36.5,2,531,297,NA,NA,207,"Female"
85,3599,"Falco subniger","Black Falcon",3.3,45,2,797.6,405,NA,NA,NA,"Female"
85,3602,"Falco cherrug","Saker Falcon",4,53,NA,1130,399,NA,NA,224,"Female"
85,3603,"Falco rusticolus","Gyrfalcon",3.5,70,NA,1735,406,NA,NA,221,"Female"
85,3604,"Falco mexicanus","Prairie Falcon",4.56,49,2,944,342.8,NA,NA,189.7,"Female"
85,3605,"Falco peregrinus","Peregrine Falcon",3.5,48,2,865.6,330,NA,NA,173,"Female"
86,3621,"Podiceps grisegena","Red-necked Grebe",4.5,30.5,NA,785.4,167.4,53.4,NA,NA,"Female"
86,3622,"Podiceps cristatus","Great Crested Grebe",3.77,39.5,NA,830,184,61.6,46.1,NA,"Female"
86,3623,"Podiceps auritus","Horned Grebe",3.75,22.5,NA,NA,141,44.2,22.5,NA,"Female"
86,3629,"Aechmophorus occidentalis","Western Grebe",2.41,43.5,NA,1199,190.4,71.3,NA,NA,"Female"
87,3632,"Phaethon rubricauda","Red-tailed Tropicbird",1,87,2,220.2,323.8,27.9,61.3,107.2,"Female"
87,3633,"Phaethon lepturus","White-tailed Tropicbird",1,45,2,NA,289,NA,NA,91,"Female"
88,3634,"Papasula abbotti","Abbott's Booby",NA,112.17,2,1491.5,454.3,46.3,111.2,NA,"Female"
88,3635,"Morus bassanus","Northern Gannet",1,106,NA,3067,510,50.8,99.2,NA,"Female"
88,3636,"Morus capensis","Cape Gannet",NA,105,NA,2608,477,NA,94,NA,"Female"
88,3638,"Sula nebouxii","Blue-footed Booby",NA,61,NA,1801,457.2,NA,114,NA,"Female"
88,3640,"Sula dactylatra","Masked Booby",1.6,77,2,2533.3,477,62.3,109.4,184.6,"Female"
88,3641,"Sula sula","Red-footed Booby",1,53,2,1068,379.3,39.4,87.2,200,"Female"
88,3642,"Sula leucogaster","Brown Booby",1.5,53,2,1343.6,394.4,50.3,98.9,193,"Female"
89,3643,"Anhinga anhinga","Anhinga",3.64,35,NA,NA,326.3,40,77.4,245.6,"Female"
89,3645,"Anhinga melanogaster","Oriental Darter",4,36,2,1790,NA,NA,NA,239,"Female"
90,3647,"Phalacrocorax africanus","Long-tailed Cormorant",4,23,NA,513,209,37.9,29,148,"Female"
90,3651,"Phalacrocorax melanoleucos","Little Pied Cormorant",4,26,2,700,227,40,31,149.4,"Female"
90,3653,"Phalacrocorax penicillatus","Brandt's Cormorant",2.88,51,NA,1930,270,NA,NA,102,"Female"
90,3655,"Phalacrocorax neglectus","Bank Cormorant",1.84,47,NA,1794,276,63.7,56.9,NA,"Female"
90,3657,"Phalacrocorax brasilianus","Neotropic Cormorant",3.15,42,NA,1070,245.9,50.3,45.7,154,"Female"
90,3658,"Phalacrocorax auritus","Double-crested Cormorant",3.11,48,NA,2056,297,63,55.2,135.5,"Female"
90,3660,"Phalacrocorax varius","Pied Cormorant",3.32,45,2,1400,300,64,67,NA,"Female"
90,3661,"Phalacrocorax sulcirostris","Little Black Cormorant",4,36,2,900,245,47,44,128.3,"Female"
90,3662,"Phalacrocorax carbo","Great Cormorant",3.5,58,NA,2000,327,64,62,150,"Female"
90,3663,"Phalacrocorax capillatus","Japanese Cormorant",NA,54,NA,2525,NA,NA,NA,NA,"Female"
90,3665,"Phalacrocorax capensis","Cape Cormorant",2.39,45,2,1142,258,NA,56,NA,"Female"
90,3668,"Phalacrocorax atriceps","Imperial Shag",NA,50,NA,2700,268,57,56,NA,"Female"
90,3669,"Phalacrocorax melanogenis","Crozet Shag",2.56,53,2,2040,268,57,56,110.5,"Female"
90,3669,"Phalacrocorax bransfieldensis","Antarctic Shag",2.5,59.1,2,2576,NA,NA,NA,NA,"Female"
90,3670,"Phalacrocorax georgianus","South Georgia Shag",NA,54.6,2,2472.7,289.6,NA,11.1,NA,"Female"
90,3677,"Phalacrocorax magellanicus","Rock Shag",NA,46,NA,1417,244.7,NA,51,NA,"Female"
90,3678,"Phalacrocorax urile","Red-faced Cormorant",2.8,48,NA,1874.4,265.8,58.3,53.7,145,"Female"
90,3679,"Phalacrocorax pelagicus","Pelagic Cormorant",3.47,44,NA,1702,245.8,47.3,46,NA,"Female"
90,3680,"Phalacrocorax aristotelis","European Shag",3.07,51,2,1598,258,NA,NA,119,"Female"
90,3682,"Phalacrocorax punctatus","Spotted Shag",2.7,42,NA,1160,244,60,60,NA,"Female"
91,3685,"Egretta rufescens","Reddish Egret",2.9,38,NA,NA,303,125,NA,106,"Female"
91,3687,"Egretta ardesiaca","Black Heron",2.56,28,NA,NA,249,85,62,NA,"Female"
91,3689,"Egretta novaehollandiae","White-faced Heron",NA,32,NA,521.2,313.4,90.5,71.8,NA,"Female"
91,3690,"Egretta caerulea","Little Blue Heron",4.04,25,2,315,250,88.1,72.4,91.1,"Female"
91,3691,"Egretta garzetta","Little Egret",4.8,28,NA,510,272,97.3,79.5,94,"Female"
91,3694,"Egretta thula","Snowy Egret",3.64,24,2,NA,251.2,89.6,78.6,NA,"Female"
91,3696,"Egretta sacra","Pacific Reef-Egret",NA,28,2,NA,269.9,79.5,96.9,NA,"Female"
91,3698,"Ardea cinerea","Grey Heron",4.11,61,NA,1361,443,141,112,166,"Female"
91,3699,"Ardea herodias","Great Blue Heron",3.55,74,2,2110,NA,152,123.9,NA,"Female"
91,3701,"Ardea pacifica","Pacific Heron",3.2,42,2,NA,402.7,130.3,81.4,153.9,"Female"
91,3702,"Ardea melanocephala","Black-headed Heron",2.78,60,NA,1107.5,NA,NA,NA,NA,"Female"
91,3704,"Ardea goliath","Goliath Heron",2.5,109,NA,NA,575,NA,177,NA,"Female"
91,3706,"Ardea sumatrana","Great-billed Heron",NA,83,2,2024,437,151.5,163.3,NA,"Female"
91,3707,"Ardea purpurea","Purple Heron",4.7,51,NA,830,355,118,116,119,"Female"
91,3709,"Casmerodius albus","Great Egret",NA,61,2,960,429,166,121,NA,"Female"
91,3710,"Mesophoyx intermedia","Intermediate Egret",NA,31,NA,NA,NA,NA,NA,NA,"Female"
91,3711,"Bubulcus ibis","Cattle Egret",4.5,28,2,304,248,76,NA,86,"Female"
91,3722,"Nyctanassa violacea","Yellow-crowned Night-Heron",3.52,38,NA,649,290,97,70,108,"Female"
91,3723,"Nycticorax nycticorax","Black-crowned Night-Heron",4,34,2,590,NA,NA,NA,NA,"Female"
91,3724,"Nycticorax caledonicus","Rufous Night-Heron",3.5,38,2,725,258.8,79.3,69.1,98.3,"Female"
91,3725,"Gorsachius leuconotus","White-backed Night-Heron",2.62,28,NA,NA,NA,NA,NA,NA,"Female"
91,3744,"Dupetor flavicollis","Black Bittern",NA,29,NA,NA,NA,66.6,75.3,NA,"Female"
91,3745,"Botaurus lentiginosus","American Bittern",3.75,36,NA,NA,252.5,NA,67.5,NA,"Female"
91,3747,"Botaurus stellaris","Great Bittern",5,42,NA,2017,311,91,64.3,104,"Female"
91,3748,"Botaurus poiciloptilus","Australasian Bittern",4.5,39,NA,867.7,322,97.3,65.7,111.6,"Female"
92,3749,"Scopus umbretta","Hamerkop",4.4,28.5,NA,NA,NA,NA,NA,NA,"Female"
93,3750,"Phoenicopterus ruber","Greater Flamingo",1,142,NA,2525,380,259,116,135,"Female"
93,3752,"Phoenicopterus minor","Lesser Flamingo",NA,117,NA,1590,319,195,NA,NA,"Female"
94,3758,"Plegadis falcinellus","Glossy Ibis",4,38,NA,605,273,86,110,94,"Female"
94,3767,"Bostrychia hagedash","Hadada Ibis",2.71,62,NA,NA,NA,NA,NA,NA,"Female"
94,3771,"Geronticus eremita","Waldrapp",3,68,NA,NA,399,NA,134,NA,"Female"
94,3772,"Geronticus calvus","Bald Ibis",1.99,68,NA,NA,NA,NA,NA,NA,"Female"
94,3774,"Threskiornis aethiopicus","Sacred Ibis",2.24,62,NA,NA,362,98,146,131,"Female"
94,3776,"Threskiornis molucca","Australian Ibis",2.73,69,5,1605.9,361,85.8,154,125,"Female"
94,3777,"Threskiornis spinicollis","Straw-necked Ibis",3.5,69,2,1237.5,363.2,78.7,137.7,135.5,"Female"
94,3782,"Platalea leucorodia","Eurasian Spoonbill",3.5,76,NA,1130,370,131,182,113,"Female"
94,3783,"Platalea regia","Royal Spoonbill",3.14,69,2,1575,365,108.5,177.8,110.5,"Female"
94,3786,"Platalea flavipes","Yellow-billed Spoonbill",3.05,81,2,1814,NA,NA,205,131,"Female"
94,3787,"Ajaia ajaja","Roseate Spoonbill",NA,68,NA,1520,335,104,49,NA,"Female"
95,3789,"Pelecanus onocrotalus","Great White Pelican",2,180,NA,7590,620,132,328,162,"Female"
95,3790,"Pelecanus rufescens","Pink-backed Pelican",NA,116,NA,4920,560,87,305,166,"Female"
95,3794,"Pelecanus erythrorhynchos","American White Pelican",2,150,NA,4970,558.5,115.7,287.6,150.5,"Female"
95,3795,"Pelecanus occidentalis","Brown Pelican",2.95,91,NA,2824,462,67,261,124,"Female"
96,3797,"Coragyps atratus","Black Vulture",2,103,NA,2035.5,431.6,78.8,23.3,178.8,"Female"
96,3798,"Cathartes aura","Turkey Vulture",1.94,80,NA,1589,535,NA,NA,NA,"Female"
96,3801,"Gymnogyps californianus","California Condor",NA,280,NA,8100,NA,NA,NA,NA,"Female"
96,3804,"Mycteria americana","Wood Stork",3.04,80,NA,2115,460,NA,205,NA,"Female"
96,3815,"Ciconia ciconia","White Stork",4,110,NA,3150,560,NA,NA,NA,"Female"
97,3823,"Fregata magnificens","Magnificent Frigatebird",1,88,2,1667,650,22.9,121,431,"Female"
97,3825,"Fregata minor","Great Frigatebird",1,74,2,1630,606.9,28.3,115.9,402.3,"Female"
97,3826,"Fregata ariel","Lesser Frigatebird",1,66,2,858,546.3,24.1,88.4,318.4,"Female"
97,3827,"Fregata andrewsi","Christmas Island Frigatebird",1,80,2,1550,648,18.9,131.8,419,"Female"
98,3828,"Aptenodytes patagonicus","King Penguin",1,306,2,11500,329,NA,127.6,56,"Female"
98,3829,"Aptenodytes forsteri","Emperor Penguin",1,425,2,29500,347,NA,80.4,NA,"Female"
98,3830,"Pygoscelis papua","Gentoo Penguin",2,136,2,5070,234,NA,50.4,NA,"Female"
98,3831,"Pygoscelis adeliae","Adelie Penguin",2,124,2,4740,192.7,NA,36.7,NA,"Female"
98,3832,"Pygoscelis antarctica","Chinstrap Penguin",2,110,2,3876,192.7,NA,46.2,NA,"Female"
98,3833,"Eudyptes chrysocome","Rockhopper Penguin",2,95.8,2,2440,161,NA,41.1,NA,"Female"
98,3834,"Eudyptes pachyrhynchus","Fiordland Penguin",2,108,2,4030,178.5,NA,45,83.1,"Female"
98,3837,"Eudyptes chrysolophus","Macaroni Penguin",2,142,2,5210,NA,NA,53.7,NA,"Female"
98,3838,"Eudyptes schlegeli","Royal Penguin",2,150,2,NA,NA,NA,NA,87.8,"Female"
98,3839,"Megadyptes antipodes","Yellow-eyed Penguin",1.5,133.1,2,7500,204,58.1,52.8,60.7,"Female"
98,3840,"Eudyptula minor","Little Penguin",2,52,2,1085.2,117,19,34.5,NA,"Female"
98,3841,"Spheniscus demersus","Jackass Penguin",2,103,NA,3200,NA,NA,55.5,NA,"Female"
98,3843,"Spheniscus magellanicus","Magellanic Penguin",NA,107,NA,3770,186,46.4,54.5,31.6,"Female"
99,3845,"Gavia stellata","Red-throated Loon",1.79,83,2,1477,281,70.8,51.3,50.1,"Female"
99,3846,"Gavia arctica","Arctic Loon",2,122,2,2254,309,78.8,60.2,57.8,"Female"
99,3847,"Gavia pacifica","Pacific Loon",1.9,95,NA,2115,293,72,50.6,53,"Female"
99,3848,"Gavia immer","Common Loon",2,167,2,4500,348.6,93,80.6,61.4,"Female"
99,3849,"Gavia adamsii","Yellow-billed Loon",2,160,2,5212.5,374.5,90.5,88.45,NA,"Female"
100,3850,"Macronectes giganteus","Antarctic Giant-Petrel",1,237,2,4220,526.8,94.2,89.7,173,"Female"
100,3851,"Macronectes halli","Hall's Giant-Petrel",1,256.4,2,3724,505.6,94,89.4,175,"Female"
100,3852,"Fulmarus glacialis","Northern Fulmar",1,98,2,706,323,50.2,35.7,122,"Female"
100,3853,"Fulmarus glacialoides","Southern Fulmar",1,103,2,745,335,52.6,42.5,125,"Female"
100,3854,"Thalassoica antarctica","Antarctic Petrel",1,95,2,627,310,43,35,117,"Female"
100,3855,"Daption capense","Cape Petrel",1,60,2,407,265,42,30,104,"Female"
100,3856,"Pagodroma nivea","Snow Petrel",1,47,2,293,270,37.2,20.2,133.6,"Female"
100,3857,"Pterodroma brevirostris","Kerguelen Petrel",1,57,NA,230.3,260.6,38.4,26.8,102.9,"Female"
100,3863,"Pterodroma nigripennis","Black-winged Petrel",1,38,NA,165.9,226,30.5,24.7,103.1,"Female"
100,3865,"Pterodroma inexpectata","Mottled Petrel",1,56,2,225.1,254.1,32,27,106.2,"Female"
100,3876,"Pterodroma phaeopygia","Galapagos Petrel",1,56,NA,429,NA,NA,NA,NA,"Female"
100,3882,"Pterodroma macroptera","Great-winged Petrel",1,80,2,667,315.9,43,35.7,NA,"Female"
100,3894,"Pachyptila desolata","Antarctic Prion",1,30,NA,153,192,32.1,27.7,101,"Female"
100,3896,"Pachyptila turtur","Fairy Prion",1,25,2,136.8,179.1,33.1,21.7,87.9,"Female"
100,3900,"Procellaria aequinoctialis","White-chinned Petrel",1,120,NA,1280,387.3,63.9,51.1,129,"Female"
100,3901,"Procellaria parkinsoni","Black Petrel",1,90,2,682,340.7,53.5,40.4,97,"Female"
100,3902,"Procellaria westlandica","Westland Petrel",1,137.6,2,1176,381.5,NA,NA,125.3,"Female"
100,3904,"Calonectris diomedea","Cory's Shearwater",1,74,NA,817.3,363,58.1,55.7,136,"Female"
100,3906,"Puffinus pacificus","Wedge-tailed Shearwater",1,56,2,474.6,297.3,30.5,44.5,138.7,"Female"
100,3907,"Puffinus bulleri","Buller's Shearwater",1,61,2,306.5,289.9,NA,40.1,127,"Female"
100,3912,"Puffinus tenuirostris","Short-tailed Shearwater",1,82,2,528,275,51.4,31.4,82.4,"Female"
100,3914,"Puffinus puffinus","Manx Shearwater",1,57,NA,506,235,44.7,34.1,74.9,"Female"
100,3921,"Puffinus assimilis","Little Shearwater",1,32,2,NA,NA,NA,NA,NA,"Female"
100,3929,"Diomedea exulans","Wandering Albatross",1,484,2,7270,643,114,162,215,"Female"
100,3931,"Diomedea epomophora","Royal Albatross",1,445,2,7560,673,125,171,205.2,"Female"
100,3932,"Diomedea irrorata","Waved Albatross",NA,273,NA,3040,NA,NA,NA,NA,"Female"
100,3934,"Diomedea nigripes","Black-footed Albatross",NA,286,NA,2990,506,85.6,93.7,NA,"Female"
100,3935,"Diomedea immutabilis","Laysan Albatross",NA,288,NA,2990,NA,NA,172,NA,"Female"
100,3936,"Diomedea melanophris","Black-browed Albatross",1,258,2,3170,529.8,81.9,116.3,212.5,"Female"
100,3937,"Diomedea cauta","Shy Albatross",1,262,NA,3700,557,89,127,218,"Female"
100,3938,"Diomedea chrysostoma","Grey-headed Albatross",1,266,2,3870,517,83,114,82.8,"Female"
100,3940,"Diomedea bulleri","Buller's Albatross",1,231,2,2780,508,83,118,NA,"Female"
100,3941,"Phoebetria fusca","Sooty Albatross",1,231,2,2700,511,81,109,256.3,"Female"
112,5131,"Menura novaehollandiae","Superb Lyrebird",1,61.5,5,860.2,260,101.4,39.5,367.5,"Female"
123,5738,"Corvus capensis","Cape Crow",3.5,22.3,NA,490,333,70.8,65.2,184,"Female"
123,5754,"Corvus coronoides","Australian Raven",NA,22,2,NA,NA,NA,NA,NA,"Female"
123,5761,"Corvus albus","Pied Crow",4.1,21.8,NA,494,351,61.7,58.8,188,"Female"
123,5762,"Corvus ruficollis","Brown-necked Raven",4,23.6,NA,700,380.7,66.1,65.6,205,"Female"
123,5763,"Corvus corax","Common Raven",4.1,28.8,2,1147.1,412.4,68.6,74.5,209,"Female"
123,5764,"Corvus rhipidurus","Fan-tailed Raven",4.5,21.8,NA,587.5,397,66.5,58.1,153,"Female"
123,5765,"Corvus albicollis","White-necked Raven",3.8,30.1,NA,873,403,74.5,63.9,169,"Female"
123,5766,"Corvus crassirostris","Thick-billed Raven",4,30.1,NA,1135,439.5,80.5,84.5,250.5,"Female"
1,1,"Struthio camelus","Ostrich",NA,1500,4,NA,900,450,135,NA,"Unsexed"
3,7,"Dromaius novaehollandiae","Emu",8.98,581.2,1,NA,NA,NA,NA,NA,"Unsexed"
4,8,"Apteryx australis","Brown Kiwi",2,443,2,NA,NA,NA,NA,NA,"Unsexed"
4,9,"Apteryx owenii","Little Spotted Kiwi",1,285,2,NA,NA,NA,NA,NA,"Unsexed"
4,10,"Apteryx haastii","Great Spotted Kiwi",1,425,2,NA,NA,NA,NA,NA,"Unsexed"
5,14,"Tinamus major","Great Tinamou",NA,61,1,1059,NA,NA,NA,NA,"Unsexed"
5,45,"Nothoprocta cinerascens","Brushland Tinamou",NA,34,1,NA,NA,NA,NA,NA,"Unsexed"
6,58,"Ortalis vetula","Plain Chachalaca",2.88,55,2,521.5,NA,NA,NA,NA,"Unsexed"
6,68,"Ortalis motmot","Little Chachalaca",NA,63,2,423,NA,NA,NA,NA,"Unsexed"
6,101,"Crax rubra","Great Curassow",NA,218,2,4200,NA,NA,NA,NA,"Unsexed"
7,108,"Alectura lathami","Australian Brush-turkey",14.78,190,4,NA,NA,NA,NA,NA,"Unsexed"
7,118,"Megapodius reinwardt","Orange-footed Scrubfowl",5.5,129,2,NA,NA,NA,NA,NA,"Unsexed"
7,126,"Leipoa ocellata","Malleefowl",18.6,175,2,NA,NA,NA,NA,NA,"Unsexed"
8,131,"Tetraogallus caspius","Caspian Snowcock",7.5,75,NA,NA,NA,NA,NA,NA,"Unsexed"
8,138,"Alectoris chukar","Chukar",11.5,22.5,NA,NA,NA,NA,NA,NA,"Unsexed"
8,144,"Francolinus francolinus","Black Francolin",10,23.5,NA,NA,NA,NA,NA,NA,"Unsexed"
8,163,"Francolinus bicalcaratus","Double-spurred Francolin",6,26.5,NA,NA,NA,NA,NA,NA,"Unsexed"
8,164,"Francolinus clappertoni","Clapperton's Francolin",NA,23,NA,NA,NA,NA,NA,NA,"Unsexed"
8,167,"Francolinus adspersus","Red-billed Francolin",6.7,26.8,NA,NA,NA,NA,NA,NA,"Unsexed"
8,168,"Francolinus capensis","Cape Francolin",7.4,33,NA,NA,NA,NA,NA,NA,"Unsexed"
8,169,"Francolinus hildebrandti","Hildebrandt's Francolin",6,26.3,NA,NA,NA,NA,NA,NA,"Unsexed"
8,174,"Francolinus leucoscepus","Yellow-necked Spurfowl",5,30.8,NA,NA,NA,NA,NA,NA,"Unsexed"
8,175,"Francolinus rufopictus","Grey-breasted Spurfowl",4.5,28.4,NA,NA,NA,NA,NA,NA,"Unsexed"
8,176,"Francolinus afer","Red-necked Spurfowl",6,33,NA,586,NA,NA,NA,NA,"Unsexed"
8,177,"Francolinus swainsonii","Swainson's Spurfowl",5.5,29.1,NA,NA,NA,NA,NA,NA,"Unsexed"
8,178,"Francolinus erckelii","Erckel's Francolin",7,33,NA,NA,NA,NA,NA,NA,"Unsexed"
8,269,"Phasianus colchicus","Common Pheasant",11.5,31.5,4,NA,NA,NA,NA,NA,"Unsexed"
8,270,"Chrysolophus pictus","Golden Pheasant",8.5,26.7,NA,NA,NA,NA,NA,NA,"Unsexed"
8,281,"Afropavo congensis","Congo Peafowl",3,70,NA,NA,NA,NA,NA,NA,"Unsexed"
8,286,"Dendragapus obscurus","Blue Grouse",7.1,32.5,5,1295,NA,NA,NA,NA,"Unsexed"
8,290,"Tetrao tetrix","Black Grouse",8.5,35.5,NA,NA,NA,NA,NA,NA,"Unsexed"
8,291,"Tetrao mlokosiewiczi","Caucasian Grouse",6,32.5,NA,NA,NA,NA,NA,NA,"Unsexed"
8,292,"Tetrao urogallus","Western Capercaillie",8,53,5,NA,NA,NA,NA,NA,"Unsexed"
8,297,"Centrocercus urophasianus","Sage Grouse",7.35,43,NA,NA,NA,NA,NA,NA,"Unsexed"
8,298,"Tympanuchus phasianellus","Sharp-tailed Grouse",11.78,24,5,900,204.5,43.5,11.5,NA,"Unsexed"
8,299,"Tympanuchus cupido","Greater Prairie-chicken",10.55,24.5,5,975,NA,NA,NA,NA,"Unsexed"
8,301,"Meleagris gallopavo","Wild Turkey",10.52,78.8,5,NA,NA,NA,NA,NA,"Unsexed"
9,303,"Agelastes meleagrides","White-breasted Guineafowl",NA,29.2,NA,NA,NA,NA,NA,NA,"Unsexed"
9,304,"Agelastes niger","Black Guineafowl",NA,29.5,NA,NA,NA,NA,NA,NA,"Unsexed"
9,305,"Numida meleagris","Helmeted Guineafowl",8,39.4,2,NA,NA,NA,NA,NA,"Unsexed"
9,306,"Guttera plumifera","Plumed Guineafowl",9.5,38.5,NA,NA,NA,NA,NA,NA,"Unsexed"
9,307,"Guttera pucherani","Crested Guineafowl",4.5,48.6,NA,NA,NA,NA,NA,NA,"Unsexed"
9,308,"Acryllium vulturinum","Vulturine Guineafowl",NA,49,NA,NA,NA,NA,NA,NA,"Unsexed"
12,343,"Anseranas semipalmata","Magpie Goose",9.05,128,2,NA,NA,NA,NA,NA,"Unsexed"
13,344,"Dendrocygna guttata","Spotted Whistling-Duck",NA,50,NA,NA,NA,NA,NA,NA,"Unsexed"
13,345,"Dendrocygna eytoni","Plumed Whistling-Duck",11,40,2,788,NA,NA,NA,NA,"Unsexed"
13,346,"Dendrocygna bicolor","Fulvous Whistling-Duck",13.34,51,2,688,NA,NA,NA,NA,"Unsexed"
13,347,"Dendrocygna arcuata","Wandering Whistling-Duck",10.5,40,2,866,NA,NA,NA,NA,"Unsexed"
13,349,"Dendrocygna viduata","White-faced Whistling-Duck",7.25,36,NA,NA,NA,NA,NA,NA,"Unsexed"
13,350,"Dendrocygna arborea","West Indian Whistling-Duck",NA,54,NA,NA,NA,NA,NA,NA,"Unsexed"
13,351,"Dendrocygna autumnalis","Black-bellied Whistling-Duck",13.4,44,NA,NA,NA,NA,NA,NA,"Unsexed"
13,352,"Thalassornis leuconotus","White-backed Duck",6.75,84,NA,NA,169.7,38.3,37.1,49,"Unsexed"
14,353,"Oxyura dominica","Masked Duck",NA,70,NA,NA,NA,NA,NA,NA,"Unsexed"
14,354,"Oxyura jamaicensis","Ruddy Duck",8.1,73,NA,NA,NA,NA,NA,NA,"Unsexed"
14,356,"Oxyura leucocephala","White-headed Duck",7.5,96,NA,NA,NA,NA,NA,NA,"Unsexed"
14,357,"Oxyura maccoa","Maccoa Duck",5.9,96,4,668,NA,NA,NA,NA,"Unsexed"
14,358,"Oxyura vittata","Lake Duck",NA,86,NA,NA,NA,NA,NA,NA,"Unsexed"
14,359,"Oxyura australis","Blue-billed Duck",5.5,90,2,812,NA,NA,NA,NA,"Unsexed"
14,360,"Biziura lobata","Musk Duck",2.8,128,5,2398,NA,NA,NA,NA,"Unsexed"
14,362,"Stictonetta naevosa","Freckled Duck",6,66,2,NA,NA,NA,NA,NA,"Unsexed"
14,363,"Cygnus olor","Mute Swan",5.3,340,2,11350,NA,NA,NA,NA,"Unsexed"
14,364,"Cygnus atratus","Black Swan",4.55,258,2,6200,NA,NA,NA,NA,"Unsexed"
14,365,"Cygnus melanocorypha","Black-necked Swan",NA,247,2,5400,NA,NA,NA,NA,"Unsexed"
14,366,"Cygnus cygnus","Whooper Swan",4.4,331,2,9925,NA,NA,NA,NA,"Unsexed"
14,367,"Cygnus buccinator","Trumpeter Swan",NA,324,NA,NA,NA,NA,NA,NA,"Unsexed"
14,368,"Cygnus columbianus","Tundra Swan",4,280,2,7258,NA,NA,NA,NA,"Unsexed"
14,369,"Coscoroba coscoroba","Coscoroba Swan",NA,185,NA,NA,NA,NA,NA,NA,"Unsexed"
14,370,"Anser cygnoides","Swan Goose",NA,145,NA,NA,NA,NA,NA,NA,"Unsexed"
14,371,"Anser brachyrhynchus","Pink-footed Goose",4.4,120,NA,NA,NA,NA,NA,NA,"Unsexed"
14,372,"Anser fabalis","Bean Goose",5,146,NA,NA,NA,NA,NA,NA,"Unsexed"
14,373,"Anser albifrons","Greater White-fronted Goose",5.5,125,2,2703,NA,NA,NA,NA,"Unsexed"
14,374,"Anser erythropus","Lesser White-fronted Goose",5.83,100,NA,NA,NA,NA,NA,NA,"Unsexed"
14,375,"Anser anser","Greylag Goose",NA,160,2,3460,NA,NA,NA,NA,"Unsexed"
14,376,"Anser indicus","Bar-headed Goose",NA,141,NA,NA,NA,NA,NA,NA,"Unsexed"
14,377,"Anser caerulescens","Snow Goose",NA,127,2,2632,NA,NA,NA,NA,"Unsexed"
14,378,"Anser rossii","Ross's Goose",NA,92,NA,NA,NA,NA,NA,NA,"Unsexed"
14,379,"Anser canagica","Emperor Goose",NA,120,NA,NA,NA,NA,NA,NA,"Unsexed"
14,380,"Branta sandvicensis","Nene",3.13,131,2,2155,NA,NA,NA,NA,"Unsexed"
14,381,"Branta canadensis","Canada Goose",5,163,2,3857,NA,NA,NA,NA,"Unsexed"
14,382,"Branta leucopsis","Barnacle Goose",NA,107,2,1788,NA,NA,NA,NA,"Unsexed"
14,383,"Branta bernicla","Brent Goose",4,91,2,1472.5,NA,NA,NA,NA,"Unsexed"
14,384,"Branta ruficollis","Red-breasted Goose",NA,90,NA,NA,NA,NA,NA,NA,"Unsexed"
14,385,"Cereopsis novaehollandiae","Cape Barren Goose",4.24,137,2,NA,NA,NA,NA,NA,"Unsexed"
14,387,"Chloephaga melanoptera","Andean Goose",NA,113,NA,NA,NA,NA,NA,NA,"Unsexed"
14,389,"Chloephaga hybrida","Kelp Goose",NA,139,NA,NA,NA,NA,NA,NA,"Unsexed"
14,390,"Chloephaga poliocephala","Ashy-headed Goose",NA,89,NA,NA,NA,NA,NA,NA,"Unsexed"
14,392,"Neochen jubata","Orinoco Goose",NA,63,NA,NA,NA,NA,NA,NA,"Unsexed"
14,393,"Alopochen aegyptiacus","Egyptian Goose",8.5,97,NA,NA,NA,NA,NA,NA,"Unsexed"
14,394,"Tadorna ferruginea","Ruddy Shelduck",8.5,83,NA,NA,NA,NA,NA,NA,"Unsexed"
14,395,"Tadorna cana","South African Shelduck",10,83,NA,NA,NA,NA,NA,NA,"Unsexed"
14,396,"Tadorna tadornoides","Australian Shelduck",9.33,93,2,NA,NA,NA,NA,NA,"Unsexed"
14,397,"Tadorna variegata","Paradise Shelduck",9.4,91,2,NA,NA,NA,NA,NA,"Unsexed"
14,399,"Tadorna tadorna","Common Shelduck",10.58,78,NA,NA,NA,NA,NA,NA,"Unsexed"
14,400,"Tadorna radjah","Radjah Shelduck",NA,59,2,NA,NA,NA,NA,NA,"Unsexed"
14,401,"Tachyeres pteneres","Flightless Steamerduck",NA,166.5,NA,NA,NA,NA,NA,NA,"Unsexed"
14,403,"Tachyeres brachypterus","Falkland Steamerduck",NA,147,NA,NA,NA,NA,NA,NA,"Unsexed"
14,404,"Tachyeres patachonicus","Flying Steamerduck",NA,115,NA,NA,NA,NA,NA,NA,"Unsexed"
14,405,"Plectropterus gambensis","Spur-winged Goose",6.5,140,4,5150,NA,NA,NA,NA,"Unsexed"
14,406,"Cairina moschata","Muscovy Duck",NA,74,4,3600,NA,NA,NA,NA,"Unsexed"
14,407,"Cairina scutulata","White-winged Duck",NA,72.3,NA,NA,NA,NA,NA,NA,"Unsexed"
14,409,"Sarkidiornis melanotos","Comb Duck",8.5,66,NA,NA,NA,NA,NA,NA,"Unsexed"
14,410,"Nettapus pulchellus","Green Pygmy-goose",NA,30,2,NA,NA,NA,NA,NA,"Unsexed"
14,411,"Nettapus coromandelianus","Cotton Pygmy-goose",NA,27,2,NA,NA,NA,NA,NA,"Unsexed"
14,412,"Nettapus auritus","African Pygmy-goose",9,23,NA,NA,NA,NA,NA,66,"Unsexed"
14,414,"Aix sponsa","Wood Duck",10.95,44,2,681,NA,NA,NA,115,"Unsexed"
14,415,"Aix galericulata","Mandarin Duck",11.5,41,NA,NA,NA,NA,NA,NA,"Unsexed"
14,416,"Chenonetta jubata","Maned Duck",NA,54,2,815,NA,NA,NA,NA,"Unsexed"
14,422,"Anas specularis","Spectacled Duck",NA,53,NA,NA,NA,NA,NA,NA,"Unsexed"
14,423,"Anas capensis","Cape Teal",8.09,50,NA,NA,193.8,37,39.6,64.3,"Unsexed"
14,424,"Anas strepera","Gadwall",9.96,44,NA,NA,NA,NA,NA,NA,"Unsexed"
14,425,"Anas falcata","Falcated Duck",NA,49,NA,NA,NA,NA,NA,NA,"Unsexed"
14,426,"Anas penelope","Eurasian Wigeon",9,44,NA,NA,NA,NA,NA,NA,"Unsexed"
14,427,"Anas americana","American Wigeon",8.48,43,2,792,NA,NA,NA,NA,"Unsexed"
14,428,"Anas sibilatrix","Chiloe Wigeon",NA,53,NA,NA,NA,NA,NA,NA,"Unsexed"
14,429,"Anas sparsa","African Black Duck",NA,71.7,NA,NA,NA,NA,NA,NA,"Unsexed"
14,430,"Anas rubripes","American Black Duck",9.33,63,2,1400,NA,NA,NA,NA,"Unsexed"
14,431,"Anas fulvigula","Mottled Duck",9.4,55.5,NA,NA,NA,NA,NA,NA,"Unsexed"
14,432,"Anas platyrhynchos","Mallard",10.53,54,2,1140,NA,NA,NA,NA,"Unsexed"
14,435,"Anas poecilorhyncha","Spot-billed Duck",NA,57,NA,NA,NA,NA,NA,NA,"Unsexed"
14,437,"Anas superciliosa","Pacific Black Duck",11,63,2,1000,NA,NA,NA,NA,"Unsexed"
14,438,"Anas undulata","Yellow-billed Duck",7.8,55,NA,NA,NA,NA,NA,NA,"Unsexed"
14,439,"Anas melleri","Meller's Duck",NA,45,NA,NA,NA,NA,NA,NA,"Unsexed"
14,440,"Anas discors","Blue-winged Teal",10.1,29,2,396,NA,NA,NA,NA,"Unsexed"
14,441,"Anas cyanoptera","Cinnamon Teal",9.13,32,NA,NA,NA,NA,NA,NA,"Unsexed"
14,443,"Anas platalea","Red Shoveler",NA,46,NA,NA,NA,NA,NA,NA,"Unsexed"
14,444,"Anas rhynchotis","Australian Shoveler",10,43.2,2,667,NA,NA,NA,NA,"Unsexed"
14,445,"Anas clypeata","Northern Shoveler",9.2,40,2,618,NA,NA,NA,NA,"Unsexed"
14,446,"Anas bernieri","Bernier's Teal",NA,36,NA,NA,NA,NA,NA,NA,"Unsexed"
14,447,"Anas gibberifrons","Sunda Teal",NA,35,NA,NA,NA,NA,NA,NA,"Unsexed"
14,449,"Anas castanea","Chestnut Teal",9.5,40,2,660,NA,NA,NA,NA,"Unsexed"
14,451,"Anas bahamensis","White-cheeked Pintail",NA,34,NA,NA,NA,NA,NA,NA,"Unsexed"
14,452,"Anas erythrorhyncha","Red-billed Duck",10,39,NA,NA,NA,NA,NA,NA,"Unsexed"
14,453,"Anas flavirostris","Speckled Teal",NA,39,NA,NA,NA,NA,NA,NA,"Unsexed"
14,454,"Anas acuta","Northern Pintail",8.3,45,2,899.72,NA,NA,NA,NA,"Unsexed"
14,455,"Anas eatoni","Eaton's Pintail",4.11,37,2,NA,NA,NA,NA,NA,"Unsexed"
14,456,"Anas georgica","Yellow-billed Pintail",NA,37,2,590,NA,NA,NA,NA,"Unsexed"
14,457,"Anas querquedula","Garganey",8.5,27,NA,NA,NA,NA,NA,NA,"Unsexed"
14,458,"Anas formosa","Baikal Teal",NA,31,NA,NA,NA,NA,NA,NA,"Unsexed"
14,459,"Anas crecca","Common Teal",9.5,26.5,2,360,NA,NA,NA,NA,"Unsexed"
14,461,"Anas versicolor","Silver Teal",NA,34,NA,NA,NA,NA,NA,NA,"Unsexed"
14,466,"Netta rufina","Red-crested Pochard",9,56,NA,NA,NA,NA,NA,NA,"Unsexed"
14,468,"Netta erythrophthalma","Southern Pochard",6.7,59,NA,NA,NA,NA,NA,NA,"Unsexed"
14,469,"Aythya ferina","Common Pochard",8.54,66,NA,NA,NA,NA,NA,NA,"Unsexed"
14,470,"Aythya valisineria","Canvasback",8.1,68,2,1248,NA,NA,NA,NA,"Unsexed"
14,471,"Aythya americana","Redhead",NA,65,NA,NA,NA,NA,NA,NA,"Unsexed"
14,472,"Aythya collaris","Ring-necked Duck",8.84,51,2,753,NA,NA,NA,NA,"Unsexed"
14,473,"Aythya nyroca","Ferruginous Pochard",9,43,NA,NA,NA,NA,NA,NA,"Unsexed"
14,475,"Aythya baeri","Baer's Pochard",NA,43,NA,NA,NA,NA,NA,NA,"Unsexed"
14,476,"Aythya australis","Hardhead",11,60,NA,NA,NA,NA,NA,NA,"Unsexed"
14,477,"Aythya fuligula","Tufted Duck",9.5,56,NA,NA,NA,NA,NA,NA,"Unsexed"
14,478,"Aythya novaeseelandiae","New Zealand Scaup",7.39,63,2,NA,NA,NA,NA,NA,"Unsexed"
14,479,"Aythya marila","Greater Scaup",9.5,67,2,932,NA,NA,NA,NA,"Unsexed"
14,480,"Aythya affinis","Lesser Scaup",9.91,51,2,640,NA,NA,NA,NA,"Unsexed"
14,481,"Somateria mollissima","Common Eider",3.06,110,2,2096,NA,NA,NA,NA,"Unsexed"
14,482,"Somateria spectabilis","King Eider",4.5,73,NA,NA,NA,NA,NA,NA,"Unsexed"
14,483,"Somateria fischeri","Spectacled Eider",NA,73,NA,NA,NA,NA,NA,NA,"Unsexed"
14,484,"Polysticta stelleri","Steller's Eider",7,58,NA,NA,NA,NA,NA,NA,"Unsexed"
14,486,"Histrionicus histrionicus","Harlequin Duck",5.7,53,2,653,NA,NA,NA,NA,"Unsexed"
14,487,"Clangula hyemalis","Long-tailed Duck",7.5,43,2,839,NA,NA,NA,NA,"Unsexed"
14,488,"Melanitta nigra","Black Scoter",6.8,72,2,950,NA,NA,NA,NA,"Unsexed"
14,489,"Melanitta perspicillata","Surf Scoter",NA,62,NA,NA,NA,NA,NA,NA,"Unsexed"
14,490,"Melanitta fusca","White-winged Scoter",8.43,92,2,2003.41,NA,NA,NA,NA,"Unsexed"
14,491,"Bucephala clangula","Common Goldeneye",9.3,57,NA,NA,NA,NA,NA,NA,"Unsexed"
14,492,"Bucephala islandica","Barrow's Goldeneye",9.5,70,NA,NA,NA,NA,NA,NA,"Unsexed"
14,493,"Bucephala albeola","Bufflehead",NA,37,2,473,NA,NA,NA,NA,"Unsexed"
14,494,"Mergellus albellus","Smew",8,42,NA,NA,NA,NA,NA,NA,"Unsexed"
14,495,"Lophodytes cucullatus","Hooded Merganser",NA,60,NA,NA,NA,NA,NA,NA,"Unsexed"
14,497,"Mergus serrator","Red-breasted Merganser",9.2,72,2,1137.5,NA,NA,NA,NA,"Unsexed"
14,499,"Mergus merganser","Common Merganser",9.4,82,2,1709,NA,NA,NA,NA,"Unsexed"
23,971,"Ceratogymna bucinator","Trumpeter Hornbill",3,30.9,NA,NA,NA,NA,NA,NA,"Unsexed"
23,972,"Ceratogymna fistulator","Piping Hornbill",1.5,33,NA,NA,NA,NA,NA,NA,"Unsexed"
23,973,"Ceratogymna brevis","Silvery-cheeked Hornbill",1.5,27.6,NA,NA,NA,NA,NA,NA,"Unsexed"
23,977,"Ceratogymna atrata","Black-casqued Hornbill",1.5,44.7,NA,NA,NA,NA,NA,NA,"Unsexed"
24,979,"Bucorvus abyssinicus","Abyssinian Ground-Hornbill",1.5,95.3,NA,NA,NA,NA,NA,NA,"Unsexed"
24,980,"Bucorvus leadbeateri","Southern Ground-Hornbill",NA,100.5,NA,NA,NA,NA,NA,NA,"Unsexed"
35,1088,"Dacelo novaeguineae","Laughing Kookaburra",2.92,30.4,2,NA,NA,NA,NA,NA,"Unsexed"
35,1089,"Dacelo leachii","Blue-winged Kookaburra",2.58,33,2,NA,NA,NA,NA,NA,"Unsexed"
36,1148,"Megaceryle maxima","Giant Kingfisher",3.5,30.6,NA,NA,NA,NA,NA,NA,"Unsexed"
45,1387,"Calyptorhynchus baudinii","White-tailed Black-Cockatoo",1.5,29,NA,NA,NA,NA,NA,NA,"Unsexed"
45,1388,"Calyptorhynchus latirostris","Slender-billed Black-Cockatoo",1.5,32.8,2,NA,NA,NA,NA,NA,"Unsexed"
45,1389,"Calyptorhynchus funereus","Yellow-tailed Black-Cockatoo",2,33.8,2,NA,NA,NA,NA,NA,"Unsexed"
45,1390,"Calyptorhynchus banksii","Red-tailed Black-Cockatoo",1,33.5,2,NA,NA,NA,NA,NA,"Unsexed"
45,1391,"Calyptorhynchus lathami","Glossy Black-Cockatoo",1,25.5,2,NA,NA,NA,NA,NA,"Unsexed"
45,1396,"Cacatua galerita","Sulphur-crested Cockatoo",2.5,28,2,NA,NA,NA,NA,NA,"Unsexed"
45,1407,"Nestor notabilis","Kea",2.5,26,2,NA,NA,NA,NA,NA,"Unsexed"
45,1490,"Strigops habroptilus","Kakapo",2.2,36,5,NA,NA,NA,NA,NA,"Unsexed"
49,2117,"Tauraco persa","Guinea Turaco",2,25,NA,297,185,41.8,23.5,NA,"Unsexed"
49,2134,"Corythaixoides concolor","Grey Go-away-bird",2.6,24,NA,NA,NA,40.8,24.3,245,"Unsexed"
49,2135,"Corythaixoides personatus","Bare-faced Go-away-bird",2.5,24,NA,250,NA,37,NA,NA,"Unsexed"
49,2139,"Corythaeola cristata","Great Blue Turaco",2,54,NA,NA,NA,NA,NA,NA,"Unsexed"
50,2140,"Tyto tenebricosa","Greater Sooty-Owl",1.6,42.5,2,NA,NA,NA,NA,NA,"Unsexed"
50,2147,"Tyto novaehollandiae","Australian Masked-Owl",2.6,23.5,2,NA,NA,NA,NA,NA,"Unsexed"
50,2153,"Tyto capensis","African Grass-Owl",3,24.2,NA,419,NA,NA,21,NA,"Unsexed"
51,2204,"Bubo virginianus","Great Horned Owl",2.55,69,NA,NA,NA,NA,NA,NA,"Unsexed"
51,2205,"Bubo bubo","Eurasian Eagle-Owl",2,80,2,NA,NA,NA,NA,NA,"Unsexed"
51,2208,"Bubo capensis","Cape Eagle-Owl",2.1,57,NA,NA,NA,NA,NA,NA,"Unsexed"
51,2209,"Bubo africanus","Spotted Eagle-Owl",2.5,47.4,NA,666,NA,NA,NA,NA,"Unsexed"
51,2210,"Bubo poensis","Fraser's Eagle-Owl",NA,58.3,NA,NA,NA,NA,NA,NA,"Unsexed"
51,2215,"Bubo lacteus","Verreaux's Eagle-Owl",2,80.3,NA,NA,NA,NA,NA,NA,"Unsexed"
51,2223,"Scotopelia peli","Pel's Fishing-Owl",2,61.5,NA,NA,NA,NA,NA,NA,"Unsexed"
51,2226,"Nyctea scandiaca","Snowy Owl",6.67,63.5,NA,NA,NA,NA,NA,NA,"Unsexed"
51,2230,"Strix aluco","Tawny Owl",2.5,39,2,NA,NA,NA,NA,NA,"Unsexed"
51,2232,"Strix occidentalis","Spotted Owl",2.13,46,NA,NA,NA,NA,NA,NA,"Unsexed"
51,2233,"Strix varia","Barred Owl",2.41,47.2,NA,NA,NA,NA,NA,NA,"Unsexed"
51,2237,"Strix uralensis","Ural Owl",2.89,48,2,NA,NA,NA,NA,NA,"Unsexed"
51,2239,"Strix nebulosa","Great Grey Owl",4,52,2,NA,NA,NA,NA,NA,"Unsexed"
51,2244,"Strix woodfordii","African Wood-Owl",2,38.6,NA,299,NA,NA,NA,NA,"Unsexed"
51,2250,"Surnia ulula","Northern Hawk Owl",6.21,21.8,2,NA,NA,NA,NA,NA,"Unsexed"
51,2285,"Ninox strenua","Powerful Owl",1.85,56.5,2,NA,NA,NA,NA,NA,"Unsexed"
51,2286,"Ninox connivens","Barking Owl",2.3,39.3,2,NA,NA,NA,NA,NA,"Unsexed"
51,2289,"Ninox novaeseelandiae","Morepork",2.5,22.2,2,NA,NA,NA,NA,NA,"Unsexed"
51,2306,"Asio otus","Long-eared Owl",3,23,2,NA,NA,NA,NA,NA,"Unsexed"
51,2311,"Asio capensis","Marsh Owl",2.5,26.2,NA,310,NA,NA,NA,NA,"Unsexed"
53,2321,"Podargus strigoides","Tawny Frogmouth",2.08,25,2,NA,NA,NA,NA,NA,"Unsexed"
53,2322,"Podargus papuensis","Papuan Frogmouth",1,26,2,NA,NA,NA,NA,NA,"Unsexed"
60,2441,"Columba trocaz","Trocaz Pigeon",1,26.2,NA,NA,NA,NA,NA,NA,"Unsexed"
60,2732,"Ducula spilorrhoa","Torresian Imperial-Pigeon",NA,22.6,2,467,NA,NA,NA,NA,"Unsexed"
60,2736,"Hemiphaga novaeseelandiae","New Zealand Pigeon",1,26.1,2,NA,NA,NA,NA,NA,"Unsexed"
62,2746,"Tetrax tetrax","Little Bustard",3.5,41,NA,NA,NA,NA,NA,NA,"Unsexed"
62,2747,"Otis tarda","Great Bustard",2.5,143,NA,NA,NA,NA,NA,NA,"Unsexed"
62,2748,"Neotis denhami","Stanley Bustard",1.5,126,NA,NA,NA,NA,NA,NA,"Unsexed"
62,2752,"Ardeotis arabs","Arabian Bustard",2,115,NA,NA,NA,NA,NA,NA,"Unsexed"
62,2753,"Ardeotis kori","Kori Bustard",1.5,158,NA,NA,NA,NA,NA,NA,"Unsexed"
62,2754,"Ardeotis nigriceps","Indian Bustard",NA,145,NA,NA,NA,NA,NA,NA,"Unsexed"
62,2755,"Ardeotis australis","Australian Bustard",1.71,136,NA,NA,NA,NA,NA,NA,"Unsexed"
62,2756,"Chlamydotis undulata","Houbara Bustard",2.5,68,NA,NA,NA,NA,NA,NA,"Unsexed"
62,2758,"Eupodotis gindiana","Buff-crested Bustard",NA,46,NA,NA,NA,NA,NA,NA,"Unsexed"
62,2759,"Eupodotis ruficrista","Red-crested Bustard",1.5,49,NA,NA,NA,NA,NA,NA,"Unsexed"
62,2762,"Eupodotis rueppellii","Rueppell's Bustard",NA,53,NA,NA,NA,NA,NA,NA,"Unsexed"
62,2763,"Eupodotis vigorsii","Karoo Bustard",1.5,64,NA,NA,NA,NA,NA,NA,"Unsexed"
62,2764,"Eupodotis humilis","Little Brown Bustard",2,33,NA,NA,NA,NA,NA,NA,"Unsexed"
62,2766,"Eupodotis caerulescens","Blue Bustard",2,60,NA,NA,NA,NA,NA,NA,"Unsexed"
62,2767,"Eupodotis melanogaster","Black-bellied Bustard",1.5,73,NA,NA,NA,NA,NA,NA,"Unsexed"
62,2769,"Eupodotis bengalensis","Bengal Florican",NA,72,NA,NA,NA,NA,NA,NA,"Unsexed"
62,2770,"Eupodotis indica","Lesser Florican",NA,46,NA,NA,NA,NA,NA,NA,"Unsexed"
63,2771,"Balearica pavonina","Black Crowned-Crane",2.5,137,NA,3629,547.5,196,56.5,244.3,"Unsexed"
63,2772,"Balearica regulorum","Grey Crowned-Crane",2.52,152,NA,NA,565,207,62,239,"Unsexed"
63,2773,"Grus leucogeranus","Siberian Crane",NA,197,NA,NA,NA,NA,NA,NA,"Unsexed"
63,2774,"Grus antigone","Sarus Crane",1.83,225,2,NA,NA,NA,NA,NA,"Unsexed"
63,2775,"Grus rubicunda","Brolga",1.84,181,2,NA,NA,NA,NA,NA,"Unsexed"
63,2777,"Grus canadensis","Sandhill Crane",1.94,152,2,4500,NA,NA,NA,NA,"Unsexed"
63,2778,"Grus virgo","Demoiselle Crane",NA,128,NA,NA,NA,NA,NA,NA,"Unsexed"
63,2779,"Grus paradisea","Blue Crane",NA,185,NA,NA,552.6,235.2,88.8,NA,"Unsexed"
63,2780,"Grus carunculatus","Wattled Crane",NA,240,NA,NA,NA,NA,166.9,NA,"Unsexed"
63,2781,"Grus grus","Common Crane",2,195,2,NA,NA,NA,NA,NA,"Unsexed"
63,2783,"Grus americana","Whooping Crane",1.94,209,NA,7496.5,NA,NA,NA,NA,"Unsexed"
69,2805,"Himantornis haematopus","Nkulengu Rail",3,38.5,NA,NA,NA,NA,NA,NA,"Unsexed"
69,2806,"Canirallus oculeus","Grey-throated Rail",NA,24.5,NA,NA,NA,NA,NA,NA,"Unsexed"
69,2836,"Gallirallus sylvestris","Lord Howe Rail",2.5,29,2,NA,NA,NA,NA,NA,"Unsexed"
69,2909,"Eulabeornis castaneoventris","Chestnut Rail",4.5,40.7,NA,653.4,NA,NA,NA,NA,"Unsexed"
69,2913,"Porphyrio porphyrio","Purple Swamphen",4,41.5,2,NA,NA,NA,NA,NA,"Unsexed"
69,2915,"Porphyrio mantelli","Takahe",1.7,93,2,NA,NA,NA,NA,NA,"Unsexed"
69,2922,"Gallinula chloropus","Common Moorhen",7,22.3,2,NA,NA,NA,NA,NA,"Unsexed"
69,2923,"Gallinula tenebrosa","Dusky Moorhen",8.01,34,2,NA,NA,NA,NA,NA,"Unsexed"
69,2926,"Gallinula ventralis","Black-tailed Native-hen",5.9,24,NA,NA,NA,NA,NA,NA,"Unsexed"
69,2927,"Gallinula mortierii","Tasmanian Native-hen",6.36,45,2,NA,NA,NA,NA,NA,"Unsexed"
69,2928,"Fulica cristata","Red-knobbed Coot",6,41,NA,NA,NA,NA,NA,NA,"Unsexed"
69,2929,"Fulica atra","Common Coot",8,36.5,NA,NA,NA,NA,NA,NA,"Unsexed"
69,2930,"Fulica alai","Hawaiian Coot",5,28,NA,NA,NA,NA,NA,NA,"Unsexed"
69,2931,"Fulica americana","American Coot",7.5,28.9,NA,NA,203,NA,NA,NA,"Unsexed"
71,2942,"Syrrhaptes tibetanus","Tibetan Sandgrouse",NA,27.5,NA,NA,NA,NA,NA,NA,"Unsexed"
71,2944,"Pterocles alchata","Pin-tailed Sandgrouse",2.96,25,NA,NA,NA,NA,NA,NA,"Unsexed"
71,2948,"Pterocles gutturalis","Yellow-throated Sandgrouse",3,30,NA,NA,NA,NA,NA,NA,"Unsexed"
71,2949,"Pterocles orientalis","Black-bellied Sandgrouse",2.76,28,NA,NA,NA,NA,NA,NA,"Unsexed"
74,2963,"Scolopax rusticola","Eurasian Woodcock",3.84,24.5,NA,NA,NA,NA,NA,NA,"Unsexed"
74,2974,"Gallinago media","Great Snipe",4,23.2,NA,NA,NA,NA,NA,NA,"Unsexed"
74,2987,"Coenocorypha aucklandica","Subantarctic Snipe",2.02,23.7,3,NA,107,NA,NA,NA,"Unsexed"
74,2988,"Limosa limosa","Black-tailed Godwit",3.86,39,2,NA,NA,NA,NA,NA,"Unsexed"
74,2989,"Limosa haemastica","Hudsonian Godwit",3.88,37.5,2,NA,NA,NA,NA,NA,"Unsexed"
74,2990,"Limosa lapponica","Bar-tailed Godwit",3.72,37,2,NA,NA,NA,NA,NA,"Unsexed"
74,2991,"Limosa fedoa","Marbled Godwit",3.95,44.5,2,NA,NA,NA,NA,NA,"Unsexed"
74,2994,"Numenius phaeopus","Whimbrel",3.7,50,2,NA,NA,NA,NA,NA,"Unsexed"
74,2995,"Numenius tahitiensis","Bristle-thighed Curlew",3.85,54.8,NA,NA,NA,NA,NA,NA,"Unsexed"
74,2997,"Numenius arquata","Eurasian Curlew",3.83,76,NA,NA,NA,NA,NA,NA,"Unsexed"
74,2998,"Numenius americanus","Long-billed Curlew",3.91,73,NA,NA,NA,NA,NA,NA,"Unsexed"
74,3000,"Bartramia longicauda","Upland Sandpiper",3.99,23.5,NA,NA,NA,NA,NA,NA,"Unsexed"
74,3001,"Tringa erythropus","Spotted Redshank",4,24.5,NA,NA,NA,NA,NA,NA,"Unsexed"
74,3002,"Tringa totanus","Common Redshank",3.92,22.3,NA,NA,NA,NA,NA,NA,"Unsexed"
74,3004,"Tringa nebularia","Common Greenshank",3.91,30.5,NA,NA,NA,NA,NA,NA,"Unsexed"
74,3006,"Tringa melanoleuca","Greater Yellowlegs",3.7,27.9,2,NA,NA,NA,NA,NA,"Unsexed"
74,3016,"Catoptrophorus semipalmatus","Willet",3.89,39.5,NA,NA,NA,NA,NA,NA,"Unsexed"
74,3025,"Calidris tenuirostris","Great Knot",NA,22,NA,NA,NA,NA,NA,NA,"Unsexed"
77,3061,"Chionis alba","Snowy Sheathbill",2.38,45.5,2,NA,NA,NA,NA,NA,"Unsexed"
77,3062,"Chionis minor","Black-faced Sheathbill",2.09,43.1,2,NA,NA,NA,NA,NA,"Unsexed"
79,3064,"Burhinus oedicnemus","Eurasian Thick-knee",1.9,42,NA,NA,NA,NA,NA,NA,"Unsexed"
79,3065,"Burhinus senegalensis","Senegal Thick-knee",2,32,NA,NA,NA,NA,NA,NA,"Unsexed"
79,3070,"Burhinus grallarius","Bush Thick-knee",1.86,41.8,2,695,285,NA,NA,NA,"Unsexed"
80,3073,"Haematopus ostralegus","Eurasian Oystercatcher",2.77,46.7,2,NA,NA,NA,NA,NA,"Unsexed"
80,3075,"Haematopus moquini","African Oystercatcher",3.88,55.8,NA,NA,NA,NA,NA,NA,"Unsexed"
80,3076,"Haematopus finschi","South Island Oystercatcher",2.33,44.2,2,NA,NA,NA,NA,NA,"Unsexed"
80,3077,"Haematopus bachmani","Black Oystercatcher",2.48,45.2,2,681,NA,NA,NA,NA,"Unsexed"
80,3078,"Haematopus palliatus","American Oystercatcher",2.45,44.9,2,560,NA,NA,NA,NA,"Unsexed"
80,3079,"Haematopus longirostris","Pied Oystercatcher",2.08,49,2,650,275,NA,NA,NA,"Unsexed"
80,3080,"Haematopus unicolor","Variable Oystercatcher",2.4,48.2,2,NA,276.5,NA,NA,NA,"Unsexed"
80,3081,"Haematopus fuliginosus","Sooty Oystercatcher",1.8,69.5,2,NA,NA,NA,NA,NA,"Unsexed"
80,3084,"Ibidorhyncha struthersii","Ibisbill",NA,37,NA,294,NA,NA,NA,NA,"Unsexed"
80,3085,"Himantopus himantopus","Black-winged Stilt",3.91,21.8,NA,NA,NA,NA,NA,NA,"Unsexed"
80,3091,"Recurvirostra avosetta","Pied Avocet",3.89,31.7,NA,306,NA,NA,NA,NA,"Unsexed"
80,3092,"Recurvirostra americana","American Avocet",3.78,28.7,NA,NA,NA,NA,NA,NA,"Unsexed"
80,3095,"Pluvialis apricaria","Eurasian Golden-Plover",3.85,32.8,2,NA,NA,NA,NA,NA,"Unsexed"
80,3097,"Pluvialis dominica","American Golden-Plover",3.93,26,2,NA,NA,NA,NA,NA,"Unsexed"
80,3098,"Pluvialis squatarola","Grey Plover",3.96,34.2,2,NA,NA,NA,NA,NA,"Unsexed"
80,3137,"Vanellus vanellus","Northern Lapwing",3.85,25.5,NA,NA,NA,NA,NA,NA,"Unsexed"
80,3142,"Vanellus miles","Masked Lapwing",3.62,32,2,328,229,NA,NA,NA,"Unsexed"
80,3151,"Vanellus senegallus","Wattled Lapwing",2.5,23.3,NA,NA,NA,NA,NA,NA,"Unsexed"
80,3156,"Vanellus gregarius","Sociable Lapwing",NA,26.5,NA,NA,NA,NA,NA,NA,"Unsexed"
80,3159,"Vanellus chilensis","Southern Lapwing",NA,27.8,NA,352.5,NA,NA,NA,NA,"Unsexed"
81,3161,"Dromas ardeola","Crab Plover",1,45,NA,NA,NA,NA,NA,NA,"Unsexed"
82,3179,"Catharacta skua","Great Skua",2,111.7,NA,NA,NA,NA,NA,NA,"Unsexed"
82,3183,"Catharacta maccormicki","South Polar Skua",1.8,89.4,2,NA,NA,NA,NA,NA,"Unsexed"
82,3184,"Stercorarius pomarinus","Pomarine Jaeger",1.96,66,2,NA,NA,NA,NA,NA,"Unsexed"
82,3186,"Stercorarius longicaudus","Long-tailed Jaeger",1.77,39.2,2,NA,NA,NA,NA,NA,"Unsexed"
82,3187,"Rynchops niger","Black Skimmer",3.5,26.9,NA,NA,NA,NA,NA,NA,"Unsexed"
82,3191,"Larus pacificus","Pacific Gull",2.2,98.4,2,NA,NA,NA,NA,NA,"Unsexed"
82,3196,"Larus heermanni","Heermann's Gull",1.52,58.6,NA,NA,NA,NA,NA,NA,"Unsexed"
82,3199,"Larus canus","Mew Gull",2.8,51,2,NA,NA,NA,NA,NA,"Unsexed"
82,3200,"Larus audouinii","Audouin's Gull",2.49,67,NA,NA,NA,NA,NA,NA,"Unsexed"
82,3201,"Larus delawarensis","Ring-billed Gull",2.88,58.6,3,NA,NA,NA,NA,NA,"Unsexed"
82,3204,"Larus dominicanus","Kelp Gull",2.35,84.2,2,NA,NA,NA,NA,NA,"Unsexed"
82,3205,"Larus glaucescens","Glaucous-winged Gull",2.7,95.7,2,NA,NA,NA,NA,NA,"Unsexed"
82,3207,"Larus livens","Yellow-footed Gull",2.63,99.66,NA,1321.5,NA,NA,NA,NA,"Unsexed"
82,3208,"Larus hyperboreus","Glaucous Gull",2.57,112.4,NA,NA,NA,NA,NA,NA,"Unsexed"
82,3210,"Larus argentatus","Herring Gull",2.6,87.5,2,NA,NA,NA,NA,NA,"Unsexed"
82,3215,"Larus ichthyaetus","Great Black-headed Gull",2.11,112,NA,NA,NA,NA,NA,NA,"Unsexed"
82,3219,"Larus novaehollandiae","Silver Gull",2.05,40.2,2,NA,NA,NA,NA,NA,"Unsexed"
82,3232,"Larus pipixcan","Franklin's Gull",2.5,35.8,NA,NA,NA,NA,NA,NA,"Unsexed"
82,3239,"Rissa brevirostris","Red-legged Kittiwake",NA,49.4,NA,NA,NA,NA,NA,NA,"Unsexed"
82,3241,"Sterna caspia","Caspian Tern",2.35,65,NA,NA,NA,NA,NA,NA,"Unsexed"
82,3244,"Sterna elegans","Elegant Tern",1.03,36.48,NA,257,NA,NA,NA,NA,"Unsexed"
82,3248,"Sterna sandvicensis","Sandwich Tern",1.21,35,NA,NA,NA,NA,NA,NA,"Unsexed"
82,3271,"Sterna fuscata","Sooty Tern",1,40.2,2,NA,NA,NA,NA,NA,"Unsexed"
82,3278,"Anous minutus","Black Noddy",1,25.1,2,NA,NA,NA,NA,NA,"Unsexed"
82,3284,"Alle alle","Dovekie",1,28,2,NA,NA,NA,NA,NA,"Unsexed"
82,3285,"Uria aalge","Common Murre",1,108,2,NA,NA,NA,NA,NA,"Unsexed"
82,3286,"Uria lomvia","Thick-billed Murre",1,98.5,2,NA,NA,NA,NA,NA,"Unsexed"
82,3289,"Cepphus grylle","Black Guillemot",1.83,50,2,NA,NA,NA,NA,NA,"Unsexed"
82,3292,"Brachyramphus marmoratus","Marbled Murrelet",1,59.8,NA,NA,NA,NA,NA,NA,"Unsexed"
82,3294,"Synthliboramphus hypoleucus","Xantus's Murrelet",1.8,37.2,NA,NA,NA,NA,NA,30.6,"Unsexed"
82,3299,"Cyclorrhynchus psittacula","Parakeet Auklet",NA,53.8,NA,NA,NA,NA,NA,NA,"Unsexed"
82,3300,"Aethia cristatella","Crested Auklet",1,54.2,NA,NA,NA,NA,NA,NA,"Unsexed"
82,3303,"Cerorhinca monocerata","Rhinoceros Auklet",1,77.7,NA,NA,NA,NA,NA,NA,"Unsexed"
82,3304,"Fratercula arctica","Atlantic Puffin",1,60,2,NA,NA,NA,NA,NA,"Unsexed"
82,3305,"Fratercula corniculata","Horned Puffin",1,75.9,2,637.16,NA,NA,NA,NA,"Unsexed"
82,3306,"Fratercula cirrhata","Tufted Puffin",1,87.9,NA,774.2,NA,NA,NA,NA,"Unsexed"
83,3307,"Pandion haliaetus","Osprey",2.5,72,2,NA,NA,NA,NA,NA,"Unsexed"
83,3308,"Aviceda cuculoides","African Baza",2,32.5,NA,NA,NA,NA,NA,186,"Unsexed"
83,3311,"Aviceda subcristata","Pacific Baza",2.5,29,2,NA,NA,NA,NA,NA,"Unsexed"
83,3315,"Chondrohierax uncinatus","Hook-billed Kite",NA,48.8,NA,NA,NA,NA,NA,NA,"Unsexed"
83,3318,"Pernis apivorus","European Honey-buzzard",2,49,NA,NA,NA,NA,NA,NA,"Unsexed"
83,3323,"Elanoides forficatus","Swallow-tailed Kite",2.07,36.5,NA,NA,NA,NA,NA,NA,"Unsexed"
83,3328,"Elanus leucurus","White-tailed Kite",4.1,23.5,NA,NA,NA,NA,NA,175.2,"Unsexed"
83,3329,"Elanus scriptus","Letter-winged Kite",3.37,26,2,NA,NA,NA,NA,NA,"Unsexed"
83,3331,"Rostrhamus sociabilis","Snail Kite",2.8,32,NA,NA,NA,NA,NA,NA,"Unsexed"
83,3335,"Ictinia mississippiensis","Mississippi Kite",2,27,NA,NA,NA,NA,NA,NA,"Unsexed"
83,3336,"Ictinia plumbea","Plumbeous Kite",NA,27,NA,NA,NA,NA,NA,NA,"Unsexed"
83,3337,"Milvus milvus","Red Kite",2,63,NA,NA,NA,NA,NA,NA,"Unsexed"
83,3338,"Milvus migrans","Black Kite",2.5,56,2,NA,NA,NA,NA,NA,"Unsexed"
83,3340,"Haliastur sphenurus","Whistling Kite",2,56.5,2,715,NA,NA,NA,NA,"Unsexed"
83,3342,"Haliaeetus leucogaster","White-bellied Fish-Eagle",2,117,2,NA,NA,NA,NA,NA,"Unsexed"
83,3344,"Haliaeetus vocifer","African Fish-Eagle",1.93,120,NA,NA,NA,85,NA,NA,"Unsexed"
83,3346,"Haliaeetus leucoryphus","Pallas's Sea-Eagle",NA,117,NA,NA,NA,NA,NA,NA,"Unsexed"
83,3347,"Haliaeetus albicilla","White-tailed Eagle",2,142,NA,NA,NA,NA,NA,NA,"Unsexed"
83,3348,"Haliaeetus leucocephalus","Bald Eagle",2,117,NA,NA,NA,NA,NA,NA,"Unsexed"
83,3352,"Gypohierax angolensis","Palm-nut Vulture",1,107,NA,NA,421,80,NA,199,"Unsexed"
83,3353,"Gypaetus barbatus","Lammergeier",1.5,224,2,NA,NA,NA,NA,NA,"Unsexed"
83,3354,"Neophron percnopterus","Egyptian Vulture",2,94,NA,NA,NA,NA,NA,NA,"Unsexed"
83,3355,"Necrosyrtes monachus","Hooded Vulture",1,120,NA,NA,NA,NA,NA,NA,"Unsexed"
83,3356,"Gyps africanus","White-backed Vulture",1,214,NA,NA,610,NA,NA,257.5,"Unsexed"
83,3359,"Gyps rueppellii","Rueppell's Griffon",1,225,NA,7570,690,106,NA,NA,"Unsexed"
83,3361,"Gyps fulvus","Eurasian Griffon",1,252,NA,NA,NA,NA,NA,NA,"Unsexed"
83,3362,"Gyps coprotheres","Cape Griffon",1,240,NA,NA,683,NA,NA,NA,"Unsexed"
83,3363,"Aegypius monachus","Cinereous Vulture",1,243,NA,NA,NA,NA,NA,NA,"Unsexed"
83,3364,"Torgos tracheliotus","Lappet-faced Vulture",1,238,NA,6600,NA,NA,NA,NA,"Unsexed"
83,3365,"Trigonoceps occipitalis","White-headed Vulture",NA,196,NA,4700,NA,NA,NA,NA,"Unsexed"
83,3367,"Circaetus gallicus","Short-toed Snake-Eagle",1,136,NA,NA,NA,NA,NA,NA,"Unsexed"
83,3369,"Circaetus cinereus","Brown Snake-Eagle",1,139,NA,2048,NA,NA,NA,270,"Unsexed"
83,3372,"Terathopius ecaudatus","Bateleur",NA,168,NA,2242,NA,NA,NA,NA,"Unsexed"
83,3381,"Circus aeruginosus","Western Marsh-Harrier",4.5,40,2,NA,NA,NA,NA,NA,"Unsexed"
83,3382,"Circus ranivorus","African Marsh-Harrier",3.63,33,NA,567,NA,NA,NA,229,"Unsexed"
83,3384,"Circus approximans","Swamp Harrier",3.77,40,3,NA,NA,NA,NA,NA,"Unsexed"
83,3387,"Circus assimilis","Spotted Harrier",3.1,42,2,NA,NA,NA,NA,NA,"Unsexed"
83,3388,"Circus maurus","Black Harrier",3.47,33,NA,NA,NA,NA,NA,247.5,"Unsexed"
83,3389,"Circus cyaneus","Northern Harrier",4.5,31,NA,NA,NA,NA,NA,NA,"Unsexed"
83,3391,"Circus macrourus","Pallid Harrier",4.5,28,NA,NA,NA,NA,NA,NA,"Unsexed"
83,3393,"Circus pygargus","Montagu's Harrier",4.5,24,NA,NA,NA,NA,NA,NA,"Unsexed"
83,3396,"Kaupifalco monogrammicus","Lizard Buzzard",1.95,32,NA,NA,NA,NA,NA,NA,"Unsexed"
83,3397,"Melierax metabates","Dark Chanting-Goshawk",1,50,NA,NA,NA,NA,NA,NA,"Unsexed"
83,3405,"Accipiter tachiro","African Goshawk",2.4,34,NA,341.7,NA,NA,NA,197.5,"Unsexed"
83,3413,"Accipiter novaehollandiae","Grey Goshawk",2.45,40.5,2,354,NA,NA,NA,NA,"Unsexed"
83,3414,"Accipiter fasciatus","Brown Goshawk",3.02,32.5,2,NA,NA,NA,NA,NA,"Unsexed"
83,3437,"Accipiter nisus","Eurasian Sparrowhawk",5,22.5,2,NA,NA,NA,NA,NA,"Unsexed"
83,3438,"Accipiter rufiventris","Rufous-chested Sparrowhawk",2.93,23,NA,NA,NA,NA,NA,NA,"Unsexed"
83,3443,"Accipiter cooperii","Cooper's Hawk",3.8,40,NA,NA,NA,NA,NA,NA,"Unsexed"
83,3446,"Accipiter melanoleucus","Black Goshawk",2.8,52,NA,699.3,NA,NA,NA,238.5,"Unsexed"
83,3448,"Accipiter gentilis","Northern Goshawk",3.5,67,2,NA,NA,NA,NA,NA,"Unsexed"
83,3454,"Butastur rufipennis","Grasshopper Buzzard",2,34,NA,NA,NA,NA,NA,NA,"Unsexed"
83,3469,"Buteogallus aequinoctialis","Rufous Crab-Hawk",NA,60,NA,NA,NA,NA,NA,NA,"Unsexed"
83,3470,"Buteogallus anthracinus","Common Black-Hawk",1.8,65,NA,NA,NA,NA,NA,NA,"Unsexed"
83,3473,"Buteogallus meridionalis","Savanna Hawk",NA,74,NA,NA,NA,NA,NA,NA,"Unsexed"
83,3474,"Parabuteo unicinctus","Harris's Hawk",2.84,50,NA,NA,NA,NA,NA,NA,"Unsexed"
83,3480,"Asturina nitida","Grey-lined Hawk",NA,43.2,2,465,NA,NA,NA,NA,"Unsexed"
83,3481,"Buteo magnirostris","Roadside Hawk",NA,37,2,NA,NA,NA,NA,NA,"Unsexed"
83,3482,"Buteo lineatus","Red-shouldered Hawk",3.12,57,NA,NA,NA,NA,NA,NA,"Unsexed"
83,3484,"Buteo platypterus","Broad-winged Hawk",2.39,42,2,NA,NA,NA,NA,NA,"Unsexed"
83,3488,"Buteo swainsoni","Swainson's Hawk",2.44,61,NA,NA,NA,NA,NA,NA,"Unsexed"
83,3495,"Buteo jamaicensis","Red-tailed Hawk",2.24,64,2,NA,NA,NA,NA,NA,"Unsexed"
83,3497,"Buteo buteo","Common Buzzard",3,60,2,NA,NA,NA,NA,NA,"Unsexed"
83,3500,"Buteo rufinus","Long-legged Buzzard",3.5,73,NA,NA,NA,NA,NA,NA,"Unsexed"
83,3502,"Buteo regalis","Ferruginous Hawk",3.75,80,NA,NA,NA,NA,NA,NA,"Unsexed"
83,3503,"Buteo lagopus","Rough-legged Hawk",3.5,60,2,NA,NA,NA,NA,NA,"Unsexed"
83,3505,"Buteo augur","Augur Buzzard",NA,54,NA,NA,NA,NA,NA,NA,"Unsexed"
83,3507,"Buteo rufofuscus","Jackal Buzzard",1.99,74,NA,1064,NA,NA,NA,200,"Unsexed"
83,3513,"Aquila pomarina","Lesser Spotted Eagle",2,88,NA,NA,NA,NA,NA,NA,"Unsexed"
83,3514,"Aquila clanga","Greater Spotted Eagle",2,110,NA,NA,NA,NA,NA,NA,"Unsexed"
83,3515,"Aquila rapax","Tawny Eagle",2,118,NA,NA,NA,NA,NA,NA,"Unsexed"
83,3516,"Aquila nipalensis","Steppe Eagle",NA,117,NA,NA,NA,NA,NA,NA,"Unsexed"
83,3518,"Aquila heliaca","Imperial Eagle",2.5,132,NA,NA,NA,NA,NA,NA,"Unsexed"
83,3520,"Aquila chrysaetos","Golden Eagle",2,142,2,NA,NA,NA,NA,NA,"Unsexed"
83,3521,"Aquila audax","Wedge-tailed Eagle",2,143,2,NA,NA,NA,NA,NA,"Unsexed"
83,3522,"Aquila verreauxii","Verreaux's Eagle",2,158,NA,NA,NA,NA,NA,NA,"Unsexed"
83,3523,"Aquila wahlbergi","Wahlberg's Eagle",1,73,NA,1147,NA,NA,NA,NA,"Unsexed"
83,3524,"Hieraaetus fasciatus","Bonelli's Eagle",2,112,2,NA,NA,NA,NA,NA,"Unsexed"
83,3526,"Hieraaetus pennatus","Booted Eagle",2,62,NA,NA,NA,NA,NA,NA,"Unsexed"
83,3527,"Hieraaetus morphnoides","Little Eagle",1.65,62,2,NA,NA,NA,NA,NA,"Unsexed"
83,3530,"Polemaetus bellicosus","Martial Eagle",1,182,NA,3965,NA,NA,NA,NA,"Unsexed"
83,3532,"Lophaetus occipitalis","Long-crested Eagle",1.56,75,NA,NA,NA,NA,NA,NA,"Unsexed"
83,3543,"Stephanoaetus coronatus","Crowned Hawk-Eagle",1.62,112,NA,NA,NA,NA,NA,NA,"Unsexed"
84,3545,"Sagittarius serpentarius","Secretarybird",1.96,130,NA,4052,NA,NA,NA,NA,"Unsexed"
85,3553,"Polyborus plancus","Crested Caracara",NA,76,NA,NA,NA,NA,NA,NA,"Unsexed"
85,3554,"Milvago chimachima","Yellow-headed Caracara",NA,28,NA,NA,NA,NA,NA,NA,"Unsexed"
85,3556,"Herpetotheres cachinnans","Laughing Falcon",NA,65,NA,NA,NA,NA,NA,NA,"Unsexed"
85,3571,"Falco berigora","Brown Falcon",2.79,45,2,NA,NA,NA,NA,NA,"Unsexed"
85,3580,"Falco rupicoloides","Greater Kestrel",3.65,22,NA,NA,NA,NA,NA,162,"Unsexed"
85,3581,"Falco alopex","Fox Kestrel",2.5,22,NA,NA,NA,NA,NA,NA,"Unsexed"
85,3582,"Falco ardosiaceus","Grey Kestrel",4,25,NA,NA,NA,NA,NA,NA,"Unsexed"
85,3583,"Falco dickinsoni","Dickinson's Kestrel",NA,22,NA,210,NA,NA,NA,NA,"Unsexed"
85,3585,"Falco chicquera","Red-necked Falcon",3.6,24,NA,NA,NA,NA,NA,NA,"Unsexed"
85,3588,"Falco eleonorae","Eleonora's Falcon",2.5,26,NA,NA,NA,NA,NA,NA,"Unsexed"
85,3591,"Falco columbarius","Merlin",4,22,2,NA,NA,NA,NA,NA,"Unsexed"
85,3593,"Falco subbuteo","Eurasian Hobby",3,24,NA,NA,NA,NA,NA,NA,"Unsexed"
85,3596,"Falco longipennis","Australian Hobby",2.8,28,NA,NA,NA,NA,NA,NA,"Unsexed"
85,3597,"Falco novaeseelandiae","New Zealand Falcon",2.77,36.5,2,NA,NA,NA,NA,NA,"Unsexed"
85,3599,"Falco subniger","Black Falcon",3.3,45,2,NA,NA,NA,NA,NA,"Unsexed"
85,3602,"Falco cherrug","Saker Falcon",4,53,NA,NA,NA,NA,NA,NA,"Unsexed"
85,3603,"Falco rusticolus","Gyrfalcon",3.5,70,NA,NA,NA,NA,NA,NA,"Unsexed"
85,3604,"Falco mexicanus","Prairie Falcon",4.56,49,2,NA,NA,NA,NA,NA,"Unsexed"
85,3605,"Falco peregrinus","Peregrine Falcon",3.5,48,2,NA,NA,NA,NA,NA,"Unsexed"
86,3621,"Podiceps grisegena","Red-necked Grebe",4.5,30.5,NA,NA,NA,NA,NA,NA,"Unsexed"
86,3622,"Podiceps cristatus","Great Crested Grebe",3.77,39.5,NA,NA,NA,NA,NA,NA,"Unsexed"
86,3623,"Podiceps auritus","Horned Grebe",3.75,22.5,NA,449.5,NA,NA,NA,NA,"Unsexed"
86,3629,"Aechmophorus occidentalis","Western Grebe",2.41,43.5,NA,NA,NA,NA,NA,NA,"Unsexed"
87,3632,"Phaethon rubricauda","Red-tailed Tropicbird",1,87,2,NA,NA,NA,NA,NA,"Unsexed"
87,3633,"Phaethon lepturus","White-tailed Tropicbird",1,45,2,367.3,NA,NA,51.2,NA,"Unsexed"
88,3634,"Papasula abbotti","Abbott's Booby",NA,112.17,2,NA,NA,NA,NA,NA,"Unsexed"
88,3635,"Morus bassanus","Northern Gannet",1,106,NA,NA,NA,NA,NA,NA,"Unsexed"
88,3636,"Morus capensis","Cape Gannet",NA,105,NA,NA,NA,NA,NA,NA,"Unsexed"
88,3638,"Sula nebouxii","Blue-footed Booby",NA,61,NA,NA,NA,NA,NA,NA,"Unsexed"
88,3640,"Sula dactylatra","Masked Booby",1.6,77,2,NA,NA,NA,NA,NA,"Unsexed"
88,3641,"Sula sula","Red-footed Booby",1,53,2,NA,NA,NA,NA,NA,"Unsexed"
88,3642,"Sula leucogaster","Brown Booby",1.5,53,2,NA,NA,NA,NA,NA,"Unsexed"
89,3643,"Anhinga anhinga","Anhinga",3.64,35,NA,1337.5,NA,NA,NA,NA,"Unsexed"
89,3645,"Anhinga melanogaster","Oriental Darter",4,36,2,1759,NA,NA,NA,NA,"Unsexed"
90,3647,"Phalacrocorax africanus","Long-tailed Cormorant",4,23,NA,NA,NA,NA,NA,NA,"Unsexed"
90,3651,"Phalacrocorax melanoleucos","Little Pied Cormorant",4,26,2,659,NA,NA,NA,NA,"Unsexed"
90,3653,"Phalacrocorax penicillatus","Brandt's Cormorant",2.88,51,NA,NA,NA,NA,NA,NA,"Unsexed"
90,3655,"Phalacrocorax neglectus","Bank Cormorant",1.84,47,NA,NA,NA,NA,NA,122,"Unsexed"
90,3657,"Phalacrocorax brasilianus","Neotropic Cormorant",3.15,42,NA,NA,NA,NA,NA,NA,"Unsexed"
90,3658,"Phalacrocorax auritus","Double-crested Cormorant",3.11,48,NA,NA,NA,NA,NA,NA,"Unsexed"
90,3660,"Phalacrocorax varius","Pied Cormorant",3.32,45,2,NA,NA,NA,NA,NA,"Unsexed"
90,3661,"Phalacrocorax sulcirostris","Little Black Cormorant",4,36,2,1100,NA,NA,NA,NA,"Unsexed"
90,3662,"Phalacrocorax carbo","Great Cormorant",3.5,58,NA,NA,NA,NA,NA,NA,"Unsexed"
90,3663,"Phalacrocorax capillatus","Japanese Cormorant",NA,54,NA,NA,NA,NA,NA,NA,"Unsexed"
90,3665,"Phalacrocorax capensis","Cape Cormorant",2.39,45,2,1260,NA,NA,NA,95,"Unsexed"
90,3668,"Phalacrocorax atriceps","Imperial Shag",NA,50,NA,NA,NA,NA,NA,NA,"Unsexed"
90,3669,"Phalacrocorax melanogenis","Crozet Shag",2.56,53,2,NA,NA,NA,NA,NA,"Unsexed"
90,3669,"Phalacrocorax bransfieldensis","Antarctic Shag",2.5,59.1,2,NA,NA,NA,NA,NA,"Unsexed"
90,3670,"Phalacrocorax georgianus","South Georgia Shag",NA,54.6,2,NA,NA,NA,NA,NA,"Unsexed"
90,3677,"Phalacrocorax magellanicus","Rock Shag",NA,46,NA,NA,NA,NA,NA,NA,"Unsexed"
90,3678,"Phalacrocorax urile","Red-faced Cormorant",2.8,48,NA,NA,NA,NA,NA,NA,"Unsexed"
90,3679,"Phalacrocorax pelagicus","Pelagic Cormorant",3.47,44,NA,NA,NA,NA,NA,NA,"Unsexed"
90,3680,"Phalacrocorax aristotelis","European Shag",3.07,51,2,1940,NA,NA,NA,NA,"Unsexed"
90,3682,"Phalacrocorax punctatus","Spotted Shag",2.7,42,NA,NA,NA,NA,NA,NA,"Unsexed"
91,3685,"Egretta rufescens","Reddish Egret",2.9,38,NA,613.5,NA,NA,NA,NA,"Unsexed"
91,3687,"Egretta ardesiaca","Black Heron",2.56,28,NA,NA,NA,NA,NA,96,"Unsexed"
91,3689,"Egretta novaehollandiae","White-faced Heron",NA,32,NA,NA,NA,NA,NA,NA,"Unsexed"
91,3690,"Egretta caerulea","Little Blue Heron",4.04,25,2,364,NA,NA,NA,NA,"Unsexed"
91,3691,"Egretta garzetta","Little Egret",4.8,28,NA,NA,NA,NA,NA,NA,"Unsexed"
91,3694,"Egretta thula","Snowy Egret",3.64,24,2,369,NA,NA,NA,NA,"Unsexed"
91,3696,"Egretta sacra","Pacific Reef-Egret",NA,28,2,388.7,NA,NA,NA,NA,"Unsexed"
91,3698,"Ardea cinerea","Grey Heron",4.11,61,NA,NA,NA,NA,NA,NA,"Unsexed"
91,3699,"Ardea herodias","Great Blue Heron",3.55,74,2,2576,NA,NA,NA,NA,"Unsexed"
91,3701,"Ardea pacifica","Pacific Heron",3.2,42,2,881,NA,NA,NA,NA,"Unsexed"
91,3702,"Ardea melanocephala","Black-headed Heron",2.78,60,NA,NA,401,136,100,157,"Unsexed"
91,3704,"Ardea goliath","Goliath Heron",2.5,109,NA,NA,NA,231,NA,226,"Unsexed"
91,3706,"Ardea sumatrana","Great-billed Heron",NA,83,2,NA,NA,NA,NA,NA,"Unsexed"
91,3707,"Ardea purpurea","Purple Heron",4.7,51,NA,NA,NA,NA,NA,NA,"Unsexed"
91,3709,"Casmerodius albus","Great Egret",NA,61,2,1100,NA,NA,NA,NA,"Unsexed"
91,3710,"Mesophoyx intermedia","Intermediate Egret",NA,31,NA,NA,311,107,71,NA,"Unsexed"
91,3711,"Bubulcus ibis","Cattle Egret",4.5,28,2,NA,NA,NA,NA,NA,"Unsexed"
91,3722,"Nyctanassa violacea","Yellow-crowned Night-Heron",3.52,38,NA,NA,NA,NA,NA,NA,"Unsexed"
91,3723,"Nycticorax nycticorax","Black-crowned Night-Heron",4,34,2,NA,291,75,70.8,108,"Unsexed"
91,3724,"Nycticorax caledonicus","Rufous Night-Heron",3.5,38,2,NA,NA,NA,NA,NA,"Unsexed"
91,3725,"Gorsachius leuconotus","White-backed Night-Heron",2.62,28,NA,NA,267,72,60,112,"Unsexed"
91,3744,"Dupetor flavicollis","Black Bittern",NA,29,NA,372.6,NA,NA,NA,NA,"Unsexed"
91,3745,"Botaurus lentiginosus","American Bittern",3.75,36,NA,NA,NA,NA,NA,NA,"Unsexed"
91,3747,"Botaurus stellaris","Great Bittern",5,42,NA,NA,NA,NA,NA,NA,"Unsexed"
91,3748,"Botaurus poiciloptilus","Australasian Bittern",4.5,39,NA,NA,NA,NA,NA,NA,"Unsexed"
92,3749,"Scopus umbretta","Hamerkop",4.4,28.5,NA,422.5,305,70,NA,156,"Unsexed"
93,3750,"Phoenicopterus ruber","Greater Flamingo",1,142,NA,NA,NA,NA,NA,NA,"Unsexed"
93,3752,"Phoenicopterus minor","Lesser Flamingo",NA,117,NA,NA,NA,NA,NA,NA,"Unsexed"
94,3758,"Plegadis falcinellus","Glossy Ibis",4,38,NA,NA,NA,NA,NA,NA,"Unsexed"
94,3767,"Bostrychia hagedash","Hadada Ibis",2.71,62,NA,1262,353,68,134,154,"Unsexed"
94,3771,"Geronticus eremita","Waldrapp",3,68,NA,NA,NA,NA,NA,208,"Unsexed"
94,3772,"Geronticus calvus","Bald Ibis",1.99,68,NA,NA,386,70,146,191,"Unsexed"
94,3774,"Threskiornis aethiopicus","Sacred Ibis",2.24,62,NA,NA,NA,NA,NA,NA,"Unsexed"
94,3776,"Threskiornis molucca","Australian Ibis",2.73,69,5,NA,NA,NA,NA,NA,"Unsexed"
94,3777,"Threskiornis spinicollis","Straw-necked Ibis",3.5,69,2,NA,NA,NA,NA,NA,"Unsexed"
94,3782,"Platalea leucorodia","Eurasian Spoonbill",3.5,76,NA,NA,NA,NA,NA,NA,"Unsexed"
94,3783,"Platalea regia","Royal Spoonbill",3.14,69,2,NA,NA,NA,NA,NA,"Unsexed"
94,3786,"Platalea flavipes","Yellow-billed Spoonbill",3.05,81,2,NA,NA,NA,NA,NA,"Unsexed"
94,3787,"Ajaia ajaja","Roseate Spoonbill",NA,68,NA,1490,NA,NA,NA,NA,"Unsexed"
95,3789,"Pelecanus onocrotalus","Great White Pelican",2,180,NA,NA,NA,NA,NA,NA,"Unsexed"
95,3790,"Pelecanus rufescens","Pink-backed Pelican",NA,116,NA,NA,NA,NA,NA,NA,"Unsexed"
95,3794,"Pelecanus erythrorhynchos","American White Pelican",2,150,NA,NA,NA,NA,NA,NA,"Unsexed"
95,3795,"Pelecanus occidentalis","Brown Pelican",2.95,91,NA,NA,NA,NA,NA,NA,"Unsexed"
96,3797,"Coragyps atratus","Black Vulture",2,103,NA,NA,NA,NA,NA,NA,"Unsexed"
96,3798,"Cathartes aura","Turkey Vulture",1.94,80,NA,NA,NA,NA,NA,NA,"Unsexed"
96,3801,"Gymnogyps californianus","California Condor",NA,280,NA,NA,880,116.5,NA,NA,"Unsexed"
96,3804,"Mycteria americana","Wood Stork",3.04,80,NA,NA,NA,NA,NA,NA,"Unsexed"
96,3815,"Ciconia ciconia","White Stork",4,110,NA,NA,NA,220,176,227,"Unsexed"
97,3823,"Fregata magnificens","Magnificent Frigatebird",1,88,2,1709,NA,NA,NA,NA,"Unsexed"
97,3825,"Fregata minor","Great Frigatebird",1,74,2,NA,NA,NA,NA,NA,"Unsexed"
97,3826,"Fregata ariel","Lesser Frigatebird",1,66,2,NA,NA,NA,NA,NA,"Unsexed"
97,3827,"Fregata andrewsi","Christmas Island Frigatebird",1,80,2,NA,NA,NA,NA,NA,"Unsexed"
98,3828,"Aptenodytes patagonicus","King Penguin",1,306,2,NA,NA,NA,NA,NA,"Unsexed"
98,3829,"Aptenodytes forsteri","Emperor Penguin",1,425,2,NA,NA,NA,NA,NA,"Unsexed"
98,3830,"Pygoscelis papua","Gentoo Penguin",2,136,2,6200,222,NA,NA,143,"Unsexed"
98,3831,"Pygoscelis adeliae","Adelie Penguin",2,124,2,5000,189.3,NA,NA,NA,"Unsexed"
98,3832,"Pygoscelis antarctica","Chinstrap Penguin",2,110,2,NA,187,NA,NA,NA,"Unsexed"
98,3833,"Eudyptes chrysocome","Rockhopper Penguin",2,95.8,2,NA,NA,NA,NA,81,"Unsexed"
98,3834,"Eudyptes pachyrhynchus","Fiordland Penguin",2,108,2,NA,NA,NA,NA,NA,"Unsexed"
98,3837,"Eudyptes chrysolophus","Macaroni Penguin",2,142,2,NA,NA,NA,NA,93,"Unsexed"
98,3838,"Eudyptes schlegeli","Royal Penguin",2,150,2,NA,NA,NA,NA,NA,"Unsexed"
98,3839,"Megadyptes antipodes","Yellow-eyed Penguin",1.5,133.1,2,NA,NA,NA,NA,NA,"Unsexed"
98,3840,"Eudyptula minor","Little Penguin",2,52,2,1172,NA,NA,NA,NA,"Unsexed"
98,3841,"Spheniscus demersus","Jackass Penguin",2,103,NA,NA,NA,NA,NA,NA,"Unsexed"
98,3843,"Spheniscus magellanicus","Magellanic Penguin",NA,107,NA,NA,NA,NA,NA,NA,"Unsexed"
99,3845,"Gavia stellata","Red-throated Loon",1.79,83,2,NA,NA,NA,NA,NA,"Unsexed"
99,3846,"Gavia arctica","Arctic Loon",2,122,2,NA,NA,NA,NA,NA,"Unsexed"
99,3847,"Gavia pacifica","Pacific Loon",1.9,95,NA,NA,NA,NA,NA,NA,"Unsexed"
99,3848,"Gavia immer","Common Loon",2,167,2,5460,NA,NA,NA,NA,"Unsexed"
99,3849,"Gavia adamsii","Yellow-billed Loon",2,160,2,5627,NA,NA,NA,65.3,"Unsexed"
100,3850,"Macronectes giganteus","Antarctic Giant-Petrel",1,237,2,NA,NA,NA,NA,NA,"Unsexed"
100,3851,"Macronectes halli","Hall's Giant-Petrel",1,256.4,2,NA,NA,NA,NA,NA,"Unsexed"
100,3852,"Fulmarus glacialis","Northern Fulmar",1,98,2,820,NA,NA,NA,NA,"Unsexed"
100,3853,"Fulmarus glacialoides","Southern Fulmar",1,103,2,NA,NA,NA,NA,NA,"Unsexed"
100,3854,"Thalassoica antarctica","Antarctic Petrel",1,95,2,NA,NA,NA,NA,NA,"Unsexed"
100,3855,"Daption capense","Cape Petrel",1,60,2,NA,NA,NA,NA,NA,"Unsexed"
100,3856,"Pagodroma nivea","Snow Petrel",1,47,2,NA,NA,NA,NA,NA,"Unsexed"
100,3857,"Pterodroma brevirostris","Kerguelen Petrel",1,57,NA,NA,NA,NA,NA,NA,"Unsexed"
100,3863,"Pterodroma nigripennis","Black-winged Petrel",1,38,NA,NA,NA,NA,NA,NA,"Unsexed"
100,3865,"Pterodroma inexpectata","Mottled Petrel",1,56,2,NA,NA,NA,NA,NA,"Unsexed"
100,3876,"Pterodroma phaeopygia","Galapagos Petrel",1,56,NA,NA,NA,NA,NA,139.3,"Unsexed"
100,3882,"Pterodroma macroptera","Great-winged Petrel",1,80,2,NA,NA,NA,NA,125,"Unsexed"
100,3894,"Pachyptila desolata","Antarctic Prion",1,30,NA,NA,NA,NA,NA,NA,"Unsexed"
100,3896,"Pachyptila turtur","Fairy Prion",1,25,2,NA,NA,NA,NA,NA,"Unsexed"
100,3900,"Procellaria aequinoctialis","White-chinned Petrel",1,120,NA,NA,NA,NA,NA,NA,"Unsexed"
100,3901,"Procellaria parkinsoni","Black Petrel",1,90,2,NA,NA,NA,NA,NA,"Unsexed"
100,3902,"Procellaria westlandica","Westland Petrel",1,137.6,2,NA,NA,NA,NA,NA,"Unsexed"
100,3904,"Calonectris diomedea","Cory's Shearwater",1,74,NA,NA,NA,NA,NA,NA,"Unsexed"
100,3906,"Puffinus pacificus","Wedge-tailed Shearwater",1,56,2,NA,NA,NA,NA,NA,"Unsexed"
100,3907,"Puffinus bulleri","Buller's Shearwater",1,61,2,NA,NA,NA,NA,NA,"Unsexed"
100,3912,"Puffinus tenuirostris","Short-tailed Shearwater",1,82,2,560,NA,NA,NA,NA,"Unsexed"
100,3914,"Puffinus puffinus","Manx Shearwater",1,57,NA,NA,NA,NA,NA,NA,"Unsexed"
100,3921,"Puffinus assimilis","Little Shearwater",1,32,2,NA,184,NA,26.1,NA,"Unsexed"
100,3929,"Diomedea exulans","Wandering Albatross",1,484,2,NA,NA,NA,NA,NA,"Unsexed"
100,3931,"Diomedea epomophora","Royal Albatross",1,445,2,NA,NA,NA,NA,NA,"Unsexed"
100,3932,"Diomedea irrorata","Waved Albatross",NA,273,NA,NA,NA,NA,NA,NA,"Unsexed"
100,3934,"Diomedea nigripes","Black-footed Albatross",NA,286,NA,NA,NA,NA,NA,NA,"Unsexed"
100,3935,"Diomedea immutabilis","Laysan Albatross",NA,288,NA,NA,NA,NA,NA,NA,"Unsexed"
100,3936,"Diomedea melanophris","Black-browed Albatross",1,258,2,NA,NA,NA,NA,NA,"Unsexed"
100,3937,"Diomedea cauta","Shy Albatross",1,262,NA,NA,NA,NA,NA,NA,"Unsexed"
100,3938,"Diomedea chrysostoma","Grey-headed Albatross",1,266,2,NA,NA,NA,NA,NA,"Unsexed"
100,3940,"Diomedea bulleri","Buller's Albatross",1,231,2,NA,NA,NA,NA,NA,"Unsexed"
100,3941,"Phoebetria fusca","Sooty Albatross",1,231,2,NA,NA,NA,NA,NA,"Unsexed"
112,5131,"Menura novaehollandiae","Superb Lyrebird",1,61.5,5,NA,NA,NA,NA,NA,"Unsexed"
123,5738,"Corvus capensis","Cape Crow",3.5,22.3,NA,NA,NA,NA,NA,NA,"Unsexed"
123,5754,"Corvus coronoides","Australian Raven",NA,22,2,630,NA,NA,NA,NA,"Unsexed"
123,5761,"Corvus albus","Pied Crow",4.1,21.8,NA,529,NA,NA,NA,NA,"Unsexed"
123,5762,"Corvus ruficollis","Brown-necked Raven",4,23.6,NA,NA,NA,NA,NA,NA,"Unsexed"
123,5763,"Corvus corax","Common Raven",4.1,28.8,2,NA,NA,NA,NA,NA,"Unsexed"
123,5764,"Corvus rhipidurus","Fan-tailed Raven",4.5,21.8,NA,NA,NA,NA,NA,NA,"Unsexed"
123,5765,"Corvus albicollis","White-necked Raven",3.8,30.1,NA,NA,NA,NA,NA,NA,"Unsexed"
123,5766,"Corvus crassirostris","Thick-billed Raven",4,30.1,NA,NA,NA,NA,NA,NA,"Unsexed"
